date,value
2017-01-06 08:31:00,49.4286
2017-01-06 08:32:00,49.0
2017-01-06 08:33:00,52.6
2017-01-06 08:34:00,50.46
2017-01-06 08:35:00,48.32
2017-01-06 08:36:00,46.18
2017-01-06 08:37:00,44.04
2017-01-06 08:38:00,41.9
2017-01-06 08:39:00,41.4857
2017-01-06 08:40:00,41.0714
2017-01-06 08:41:00,40.6571
2017-01-06 08:42:00,40.2429
2017-01-06 08:43:00,39.8286
2017-01-06 08:44:00,39.4143
2017-01-06 08:45:00,39.0
2017-01-06 08:46:00,38.4
2017-01-06 08:47:00,37.5
2017-01-06 08:48:00,39.85
2017-01-06 08:49:00,42.2
2017-01-06 08:50:00,42.3
2017-01-06 08:51:00,42.4
2017-01-06 08:52:00,42.5
2017-01-06 08:53:00,43.4
2017-01-06 08:54:00,41.65
2017-01-06 08:55:00,39.9
2017-01-06 08:56:00,41.45
2017-01-06 08:57:00,43.0
2017-01-06 08:58:00,44.55
2017-01-06 08:59:00,46.1
2017-01-06 09:00:00,53.5
2017-01-06 09:01:00,60.9
2017-01-06 09:02:00,68.3
2017-01-06 09:03:00,67.4
2017-01-06 09:04:00,66.5
2017-01-06 09:05:00,65.6
2017-01-06 09:06:00,64.7
2017-01-06 09:07:00,66.3
2017-01-06 09:08:00,67.9
2017-01-06 09:09:00,69.5
2017-01-06 09:10:00,67.4
2017-01-06 09:11:00,65.3
2017-01-06 09:12:00,66.2
2017-01-06 09:13:00,63.9333
2017-01-06 09:14:00,61.6667
2017-01-06 09:15:00,59.4
2017-01-06 09:16:00,55.02
2017-01-06 09:17:00,50.64
2017-01-06 09:18:00,46.26
2017-01-06 09:19:00,41.88
2017-01-06 09:20:00,37.5
2017-01-06 09:21:00,37.75
2017-01-06 09:22:00,38.0
2017-01-06 09:23:00,38.25
2017-01-06 09:24:00,38.5
2017-01-06 09:25:00,38.75
2017-01-06 09:26:00,39.0
2017-01-06 09:27:00,39.6
2017-01-06 09:28:00,38.775
2017-01-06 09:29:00,37.95
2017-01-06 09:30:00,37.125
2017-01-06 09:31:00,36.3
2017-01-06 09:32:00,38.7
2017-01-06 09:33:00,51.4
2017-01-06 09:34:00,50.4818
2017-01-06 09:35:00,49.5636
2017-01-06 09:36:00,48.6455
2017-01-06 09:37:00,47.7273
2017-01-06 09:38:00,46.8091
2017-01-06 09:39:00,45.8909
2017-01-06 09:40:00,44.9727
2017-01-06 09:41:00,44.0545
2017-01-06 09:42:00,43.1364
2017-01-06 09:43:00,42.2182
2017-01-06 09:44:00,41.3
2017-01-06 09:45:00,41.75
2017-01-06 09:46:00,42.2
2017-01-06 09:47:00,42.65
2017-01-06 09:48:00,43.1
2017-01-06 09:49:00,43.55
2017-01-06 09:50:00,44.0
2017-01-06 09:51:00,38.7
2017-01-06 09:52:00,38.2
2017-01-06 09:53:00,37.7
2017-01-06 09:54:00,37.2
2017-01-06 09:55:00,36.6
2017-01-06 09:56:00,36.0
2017-01-06 09:57:00,35.4
2017-01-06 09:58:00,34.8
2017-01-06 09:59:00,34.2
2017-01-06 10:00:00,33.6
2017-01-06 10:01:00,38.7
2017-01-06 10:02:00,40.175
2017-01-06 10:03:00,41.65
2017-01-06 10:04:00,43.125
2017-01-06 10:05:00,44.6
2017-01-06 10:06:00,46.075
2017-01-06 10:07:00,47.55
2017-01-06 10:08:00,49.025
2017-01-06 10:09:00,50.5
2017-01-06 10:10:00,46.65
2017-01-06 10:11:00,42.8
2017-01-06 10:12:00,43.4
2017-01-06 10:13:00,46.2
2017-01-06 10:14:00,49.0
2017-01-06 10:15:00,49.24
2017-01-06 10:16:00,49.48
2017-01-06 10:17:00,49.72
2017-01-06 10:18:00,49.96
2017-01-06 10:19:00,50.2
2017-01-06 10:20:00,49.3
2017-01-06 10:21:00,45.675
2017-01-06 10:22:00,42.05
2017-01-06 10:23:00,38.425
2017-01-06 10:24:00,34.8
2017-01-06 10:25:00,36.9
2017-01-06 10:26:00,36.3
2017-01-06 10:27:00,35.7
2017-01-06 10:28:00,35.1
2017-01-06 10:29:00,35.7
2017-01-06 10:30:00,36.3
2017-01-06 10:31:00,36.9
2017-01-06 10:32:00,35.6333
2017-01-06 10:33:00,34.3667
2017-01-06 10:34:00,33.1
2017-01-06 10:35:00,35.6
2017-01-06 10:36:00,38.1
2017-01-06 10:37:00,39.8
2017-01-06 10:38:00,41.5
2017-01-06 10:39:00,43.2
2017-01-06 10:40:00,44.9
2017-01-06 10:41:00,44.5625
2017-01-06 10:42:00,44.225
2017-01-06 10:43:00,43.8875
2017-01-06 10:44:00,43.55
2017-01-06 10:45:00,43.2125
2017-01-06 10:46:00,42.875
2017-01-06 10:47:00,42.5375
2017-01-06 10:48:00,42.2
2017-01-06 10:49:00,43.1
2017-01-06 10:50:00,48.7
2017-01-06 10:51:00,43.4
2017-01-06 10:52:00,38.1
2017-01-06 10:53:00,40.46
2017-01-06 10:54:00,42.82
2017-01-06 10:55:00,45.18
2017-01-06 10:56:00,47.54
2017-01-06 10:57:00,49.9
2017-01-06 10:58:00,45.82
2017-01-06 10:59:00,41.74
2017-01-06 11:00:00,37.66
2017-01-06 11:01:00,33.58
2017-01-06 11:02:00,29.5
2017-01-06 11:03:00,33.1
2017-01-06 11:04:00,33.05
2017-01-06 11:05:00,33.0
2017-01-06 11:06:00,32.95
2017-01-06 11:07:00,32.9
2017-01-06 11:08:00,32.85
2017-01-06 11:09:00,32.8
2017-01-06 11:10:00,36.3
2017-01-06 11:11:00,35.6167
2017-01-06 11:12:00,34.9333
2017-01-06 11:13:00,34.25
2017-01-06 11:14:00,33.5667
2017-01-06 11:15:00,32.8833
2017-01-06 11:16:00,32.2
2017-01-06 11:17:00,35.4
2017-01-06 11:18:00,37.95
2017-01-06 11:19:00,40.5
2017-01-06 11:20:00,36.0
2017-01-06 11:21:00,35.4111
2017-01-06 11:22:00,34.8222
2017-01-06 11:23:00,34.2333
2017-01-06 11:24:00,33.6444
2017-01-06 11:25:00,33.0556
2017-01-06 11:26:00,32.4667
2017-01-06 11:27:00,31.8778
2017-01-06 11:28:00,31.2889
2017-01-06 11:29:00,30.7
2017-01-06 11:30:00,33.1
2017-01-06 11:31:00,32.4
2017-01-06 11:32:00,31.7
2017-01-06 11:33:00,31.0
2017-01-06 11:34:00,36.6
2017-01-06 11:35:00,38.6667
2017-01-06 11:36:00,40.7333
2017-01-06 11:37:00,42.8
2017-01-06 11:38:00,41.5875
2017-01-06 11:39:00,40.375
2017-01-06 11:40:00,39.1625
2017-01-06 11:41:00,37.95
2017-01-06 11:42:00,36.7375
2017-01-06 11:43:00,35.525
2017-01-06 11:44:00,34.3125
2017-01-06 11:45:00,33.1
2017-01-06 11:46:00,31.7
2017-01-06 11:47:00,30.3
2017-01-06 11:48:00,28.9
2017-01-06 11:49:00,26.2
2017-01-06 11:50:00,25.8667
2017-01-06 11:51:00,25.5333
2017-01-06 11:52:00,25.2
2017-01-06 11:53:00,24.8667
2017-01-06 11:54:00,24.5333
2017-01-06 11:55:00,24.2
2017-01-06 11:56:00,28.0
2017-01-06 11:57:00,36.3
2017-01-06 11:58:00,34.6167
2017-01-06 11:59:00,32.9333
2017-01-06 12:00:00,31.25
2017-01-06 12:01:00,29.5667
2017-01-06 12:02:00,27.8833
2017-01-06 12:03:00,26.2
2017-01-06 12:04:00,27.7333
2017-01-06 12:05:00,29.2667
2017-01-06 12:06:00,30.8
2017-01-06 12:07:00,32.3333
2017-01-06 12:08:00,33.8667
2017-01-06 12:09:00,35.4
2017-01-06 12:10:00,35.1
2017-01-06 12:11:00,35.4
2017-01-06 12:12:00,35.7
2017-01-06 12:13:00,36.0
2017-01-06 12:14:00,39.85
2017-01-06 12:15:00,43.7
2017-01-06 12:16:00,34.8
2017-01-06 12:17:00,33.6
2017-01-06 12:18:00,32.72
2017-01-06 12:19:00,31.84
2017-01-06 12:20:00,30.96
2017-01-06 12:21:00,30.08
2017-01-06 12:22:00,29.2
2017-01-06 12:23:00,33.6
2017-01-06 12:24:00,32.4667
2017-01-06 12:25:00,31.3333
2017-01-06 12:26:00,30.2
2017-01-06 12:27:00,29.0667
2017-01-06 12:28:00,27.9333
2017-01-06 12:29:00,26.8
2017-01-06 12:30:00,28.9
2017-01-06 12:31:00,29.4
2017-01-06 12:32:00,29.9
2017-01-06 12:33:00,30.4
2017-01-06 12:34:00,30.64
2017-01-06 12:35:00,30.88
2017-01-06 12:36:00,31.12
2017-01-06 12:37:00,31.36
2017-01-06 12:38:00,31.6
2017-01-06 12:39:00,29.0333
2017-01-06 12:40:00,26.4667
2017-01-06 12:41:00,23.9
2017-01-06 12:42:00,23.3
2017-01-06 12:43:00,24.55
2017-01-06 12:44:00,25.8
2017-01-06 12:45:00,27.05
2017-01-06 12:46:00,28.3
2017-01-06 12:47:00,26.2
2017-01-06 12:48:00,33.1
2017-01-06 12:49:00,32.125
2017-01-06 12:50:00,31.15
2017-01-06 12:51:00,30.175
2017-01-06 12:52:00,29.2
2017-01-06 12:53:00,24.8
2017-01-06 12:54:00,27.225
2017-01-06 12:55:00,29.65
2017-01-06 12:56:00,32.075
2017-01-06 12:57:00,34.5
2017-01-06 12:58:00,33.7167
2017-01-06 12:59:00,32.9333
2017-01-06 13:00:00,32.15
2017-01-06 13:01:00,31.3667
2017-01-06 13:02:00,30.5833
2017-01-06 13:03:00,29.8
2017-01-06 13:04:00,28.6
2017-01-06 13:05:00,28.675
2017-01-06 13:06:00,28.75
2017-01-06 13:07:00,28.825
2017-01-06 13:08:00,28.9
2017-01-06 13:09:00,27.7
2017-01-06 13:10:00,28.075
2017-01-06 13:11:00,28.45
2017-01-06 13:12:00,28.825
2017-01-06 13:13:00,29.2
2017-01-06 13:14:00,27.1
2017-01-06 13:15:00,28.6
2017-01-06 13:16:00,30.1
2017-01-06 13:17:00,31.6
2017-01-06 13:18:00,33.1
2017-01-06 13:19:00,31.9
2017-01-06 13:20:00,30.7
2017-01-06 13:21:00,30.4
2017-01-06 13:22:00,30.1
2017-01-06 13:23:00,29.8
2017-01-06 13:24:00,29.5
2017-01-06 13:25:00,29.2
2017-01-06 13:26:00,29.575
2017-01-06 13:27:00,29.95
2017-01-06 13:28:00,30.325
2017-01-06 13:29:00,30.7
2017-01-06 13:30:00,32.4
2017-01-06 13:31:00,34.1
2017-01-06 13:32:00,35.8
2017-01-06 13:33:00,37.5
2017-01-06 13:34:00,31.9
2017-01-06 13:35:00,30.55
2017-01-06 13:36:00,29.2
2017-01-06 13:37:00,29.35
2017-01-06 13:38:00,29.5
2017-01-06 13:39:00,31.85
2017-01-06 13:40:00,34.2
2017-01-06 13:41:00,36.0
2017-01-06 13:42:00,36.5
2017-01-06 13:43:00,37.0
2017-01-06 13:44:00,37.5
2017-01-06 13:45:00,36.6
2017-01-06 13:46:00,29.5
2017-01-06 13:47:00,31.9667
2017-01-06 13:48:00,34.4333
2017-01-06 13:49:00,36.9
2017-01-06 13:50:00,39.3667
2017-01-06 13:51:00,41.8333
2017-01-06 13:52:00,44.3
2017-01-06 13:53:00,31.6
2017-01-06 13:54:00,31.075
2017-01-06 13:55:00,30.55
2017-01-06 13:56:00,30.025
2017-01-06 13:57:00,29.5
2017-01-06 13:58:00,30.7833
2017-01-06 13:59:00,32.0667
2017-01-06 14:00:00,33.35
2017-01-06 14:01:00,34.6333
2017-01-06 14:02:00,35.9167
2017-01-06 14:03:00,37.2
2017-01-06 14:04:00,34.75
2017-01-06 14:05:00,32.3
2017-01-06 14:06:00,29.85
2017-01-06 14:07:00,27.4
2017-01-06 14:08:00,27.625
2017-01-06 14:09:00,27.85
2017-01-06 14:10:00,28.075
2017-01-06 14:11:00,28.3
2017-01-06 14:12:00,27.7
2017-01-06 14:13:00,20.6
2017-01-06 14:14:00,21.3
2017-01-06 14:15:00,22.0
2017-01-06 14:16:00,22.7
2017-01-06 14:17:00,27.4
2017-01-06 14:18:00,25.1
2017-01-06 14:19:00,26.8
2017-01-06 14:20:00,27.16
2017-01-06 14:21:00,27.52
2017-01-06 14:22:00,27.88
2017-01-06 14:23:00,28.24
2017-01-06 14:24:00,28.6
2017-01-06 14:25:00,28.2
2017-01-06 14:26:00,27.8
2017-01-06 14:27:00,27.4
2017-01-06 14:28:00,27.85
2017-01-06 14:29:00,28.3
2017-01-06 14:30:00,31.0
2017-01-06 14:31:00,30.0
2017-01-06 14:32:00,29.0
2017-01-06 14:33:00,28.0
2017-01-06 14:34:00,28.9
2017-01-06 14:35:00,31.6667
2017-01-06 14:36:00,34.4333
2017-01-06 14:37:00,37.2
2017-01-06 14:38:00,33.4
2017-01-06 14:39:00,23.6
2017-01-06 14:40:00,27.3333
2017-01-06 14:41:00,31.0667
2017-01-06 14:42:00,34.8
2017-01-06 14:43:00,37.5
2017-01-06 14:44:00,35.3333
2017-01-06 14:45:00,33.1667
2017-01-06 14:46:00,31.0
2017-01-06 14:47:00,31.3
2017-01-06 14:48:00,32.5
2017-01-06 14:49:00,32.72
2017-01-06 14:50:00,32.94
2017-01-06 14:51:00,33.16
2017-01-06 14:52:00,33.38
2017-01-06 14:53:00,33.6
2017-01-06 14:54:00,32.4333
2017-01-06 14:55:00,31.2667
2017-01-06 14:56:00,30.1
2017-01-06 14:57:00,28.9167
2017-01-06 14:58:00,27.7333
2017-01-06 14:59:00,26.55
2017-01-06 15:00:00,25.3667
2017-01-06 15:01:00,24.1833
2017-01-06 15:02:00,23.0
2017-01-06 15:03:00,26.5
2017-01-06 15:04:00,27.04
2017-01-06 15:05:00,27.58
2017-01-06 15:06:00,28.12
2017-01-06 15:07:00,28.66
2017-01-06 15:08:00,29.2
2017-01-06 15:09:00,29.74
2017-01-06 15:10:00,30.28
2017-01-06 15:11:00,30.82
2017-01-06 15:12:00,31.36
2017-01-06 15:13:00,31.9
2017-01-06 15:14:00,30.7
2017-01-06 15:15:00,29.92
2017-01-06 15:16:00,29.14
2017-01-06 15:17:00,28.36
2017-01-06 15:18:00,27.58
2017-01-06 15:19:00,26.8
2017-01-06 15:20:00,22.4
2017-01-06 15:21:00,26.5
2017-01-06 15:22:00,27.025
2017-01-06 15:23:00,27.55
2017-01-06 15:24:00,28.075
2017-01-06 15:25:00,28.6
2017-01-06 15:26:00,28.8455
2017-01-06 15:27:00,29.0909
2017-01-06 15:28:00,29.3364
2017-01-06 15:29:00,29.5818
2017-01-06 15:30:00,29.8273
2017-01-06 15:31:00,30.0727
2017-01-06 15:32:00,30.3182
2017-01-06 15:33:00,30.5636
2017-01-06 15:34:00,30.8091
2017-01-06 15:35:00,31.0545
2017-01-06 15:36:00,31.3
2017-01-06 15:37:00,32.25
2017-01-06 15:38:00,33.2
2017-01-06 15:39:00,34.15
2017-01-06 15:40:00,35.1
2017-01-06 15:41:00,35.7
2017-01-06 15:42:00,36.3
2017-01-06 15:43:00,36.375
2017-01-06 15:44:00,36.45
2017-01-06 15:45:00,36.525
2017-01-06 15:46:00,36.6
2017-01-06 15:47:00,47.0
2017-01-06 15:48:00,40.3
2017-01-06 15:49:00,33.6
2017-01-06 15:50:00,32.42
2017-01-06 15:51:00,31.24
2017-01-06 15:52:00,30.06
2017-01-06 15:53:00,28.88
2017-01-06 15:54:00,27.7
2017-01-06 15:55:00,25.4
2017-01-06 15:56:00,28.8
2017-01-06 15:57:00,32.2
2017-01-06 15:58:00,28.0
2017-01-06 15:59:00,27.88
2017-01-06 16:00:00,27.76
2017-01-06 16:01:00,27.64
2017-01-06 16:02:00,27.52
2017-01-06 16:03:00,27.4
2017-01-06 16:04:00,26.825
2017-01-06 16:05:00,26.25
2017-01-06 16:06:00,25.675
2017-01-06 16:07:00,25.1
2017-01-06 16:08:00,30.7
2017-01-06 16:09:00,18.8
2017-01-06 16:10:00,18.22
2017-01-06 16:11:00,17.64
2017-01-06 16:12:00,17.06
2017-01-06 16:13:00,16.48
2017-01-06 16:14:00,15.9
2017-01-06 16:15:00,24.5
2017-01-06 16:16:00,25.8833
2017-01-06 16:17:00,27.2667
2017-01-06 16:18:00,28.65
2017-01-06 16:19:00,30.0333
2017-01-06 16:20:00,31.4167
2017-01-06 16:21:00,32.8
2017-01-06 16:22:00,28.9
2017-01-06 16:23:00,29.45
2017-01-06 16:24:00,30.0
2017-01-06 16:25:00,30.55
2017-01-06 16:26:00,31.1
2017-01-06 16:27:00,31.65
2017-01-06 16:28:00,32.2
2017-01-06 16:29:00,31.4
2017-01-06 16:30:00,30.6
2017-01-06 16:31:00,29.8
2017-01-06 16:32:00,32.5
2017-01-06 16:33:00,31.4
2017-01-06 16:34:00,30.3
2017-01-06 16:35:00,29.2
2017-01-06 16:36:00,30.68
2017-01-06 16:37:00,32.16
2017-01-06 16:38:00,33.64
2017-01-06 16:39:00,35.12
2017-01-06 16:40:00,36.6
2017-01-06 16:41:00,29.5
2017-01-06 16:42:00,29.8
2017-01-06 16:43:00,30.1
2017-01-06 16:44:00,30.8
2017-01-06 16:45:00,31.5
2017-01-06 16:46:00,32.2
2017-01-06 16:47:00,32.9
2017-01-06 16:48:00,33.6
2017-01-06 16:49:00,34.5
2017-01-06 16:50:00,33.9
2017-01-06 16:51:00,32.8
2017-01-06 16:52:00,37.12
2017-01-06 16:53:00,41.44
2017-01-06 16:54:00,45.76
2017-01-06 16:55:00,50.08
2017-01-06 16:56:00,54.4
2017-01-06 16:57:00,44.6
2017-01-06 16:58:00,34.8
2017-01-06 16:59:00,33.2
2017-01-06 17:00:00,31.6
2017-01-06 17:01:00,31.9
2017-01-06 17:02:00,32.2
2017-01-06 17:03:00,32.5
2017-01-06 17:04:00,33.15
2017-01-06 17:05:00,33.8
2017-01-06 17:06:00,34.45
2017-01-06 17:07:00,35.1
2017-01-06 17:08:00,38.4
2017-01-06 17:09:00,39.15
2017-01-06 17:10:00,39.9
2017-01-06 17:11:00,39.0
2017-01-06 17:12:00,38.1
2017-01-06 17:13:00,37.8
2017-01-06 17:14:00,37.5
2017-01-06 17:15:00,37.725
2017-01-06 17:16:00,37.95
2017-01-06 17:17:00,38.175
2017-01-06 17:18:00,38.4
2017-01-06 17:19:00,40.4667
2017-01-06 17:20:00,42.5333
2017-01-06 17:21:00,44.6
2017-01-06 17:22:00,41.2
2017-01-06 17:23:00,37.8
2017-01-06 17:24:00,34.4
2017-01-06 17:25:00,31.0
2017-01-06 17:26:00,33.35
2017-01-06 17:27:00,35.7
2017-01-06 17:28:00,34.45
2017-01-06 17:29:00,33.2
2017-01-06 17:30:00,31.95
2017-01-06 17:31:00,30.7
2017-01-06 17:32:00,30.7
2017-01-06 17:33:00,30.7
2017-01-06 17:34:00,30.7
2017-01-06 17:35:00,30.55
2017-01-06 17:36:00,30.4
2017-01-06 17:37:00,30.25
2017-01-06 17:38:00,30.1
2017-01-06 17:39:00,32.8
2017-01-06 17:40:00,33.15
2017-01-06 17:41:00,33.5
2017-01-06 17:42:00,33.85
2017-01-06 17:43:00,34.2
2017-01-06 17:44:00,33.9333
2017-01-06 17:45:00,33.6667
2017-01-06 17:46:00,33.4
2017-01-06 17:47:00,34.4667
2017-01-06 17:48:00,35.5333
2017-01-06 17:49:00,36.6
2017-01-06 17:50:00,36.6
2017-01-06 17:51:00,35.5333
2017-01-06 17:52:00,34.4667
2017-01-06 17:53:00,33.4
2017-01-06 17:54:00,32.65
2017-01-06 17:55:00,31.9
2017-01-06 17:56:00,31.15
2017-01-06 17:57:00,30.4
2017-01-06 17:58:00,29.65
2017-01-06 17:59:00,28.9
2017-01-06 18:00:00,28.15
2017-01-06 18:01:00,27.4
2017-01-06 18:02:00,25.925
2017-01-06 18:03:00,24.45
2017-01-06 18:04:00,22.975
2017-01-06 18:05:00,21.5
2017-01-06 18:06:00,26.5333
2017-01-06 18:07:00,31.5667
2017-01-06 18:08:00,36.6
2017-01-06 18:09:00,35.425
2017-01-06 18:10:00,34.25
2017-01-06 18:11:00,33.075
2017-01-06 18:12:00,31.9
2017-01-06 18:13:00,30.7
2017-01-06 18:14:00,30.6
2017-01-06 18:15:00,30.5
2017-01-06 18:16:00,30.4
2017-01-06 18:17:00,31.3
2017-01-06 18:18:00,31.9
2017-01-06 18:19:00,32.925
2017-01-06 18:20:00,33.95
2017-01-06 18:21:00,34.975
2017-01-06 18:22:00,36.0
2017-01-06 18:23:00,34.2
2017-01-06 18:24:00,32.8
2017-01-06 18:25:00,35.45
2017-01-06 18:26:00,38.1
2017-01-06 18:27:00,32.8
2017-01-06 18:28:00,30.1
2017-01-06 18:29:00,29.2
2017-01-06 18:30:00,28.3
2017-01-06 18:31:00,27.4
2017-01-06 18:32:00,26.2
2017-01-06 18:33:00,26.4
2017-01-06 18:34:00,26.6
2017-01-06 18:35:00,26.8
2017-01-06 18:36:00,27.0
2017-01-06 18:37:00,27.2
2017-01-06 18:38:00,27.4
2017-01-06 18:39:00,27.4
2017-01-06 18:40:00,27.4
2017-01-06 18:41:00,27.4
2017-01-06 18:42:00,25.5
2017-01-06 18:43:00,23.6
2017-01-06 18:44:00,23.9
2017-01-06 18:45:00,27.3
2017-01-06 18:46:00,30.7
2017-01-06 18:47:00,26.2
2017-01-06 18:48:00,30.4
2017-01-06 18:49:00,28.75
2017-01-06 18:50:00,27.1
2017-01-06 18:51:00,32.8
2017-01-06 18:52:00,34.1
2017-01-06 18:53:00,35.4
2017-01-06 18:54:00,24.5
2017-01-06 18:55:00,28.6
2017-01-06 18:56:00,31.3
2017-01-06 18:57:00,28.9
2017-01-06 18:58:00,23.6667
2017-01-06 18:59:00,18.4333
2017-01-06 19:00:00,13.2
2017-01-06 19:01:00,17.4667
2017-01-06 19:02:00,21.7333
2017-01-06 19:03:00,26.0
2017-01-06 19:04:00,26.8667
2017-01-06 19:05:00,27.7333
2017-01-06 19:06:00,28.6
2017-01-06 19:07:00,26.0
2017-01-06 19:08:00,25.7
2017-01-06 19:09:00,25.4
2017-01-06 19:10:00,25.1
2017-01-06 19:11:00,27.4
2017-01-06 19:12:00,23.9667
2017-01-06 19:13:00,20.5333
2017-01-06 19:14:00,17.1
2017-01-06 19:15:00,20.95
2017-01-06 19:16:00,24.8
2017-01-06 19:17:00,36.0
2017-01-06 19:18:00,27.4
2017-01-06 19:19:00,25.8333
2017-01-06 19:20:00,24.2667
2017-01-06 19:21:00,22.7
2017-01-06 19:22:00,21.1333
2017-01-06 19:23:00,19.5667
2017-01-06 19:24:00,18.0
2017-01-06 19:25:00,19.18
2017-01-06 19:26:00,20.36
2017-01-06 19:27:00,21.54
2017-01-06 19:28:00,22.72
2017-01-06 19:29:00,23.9
2017-01-06 19:30:00,23.15
2017-01-06 19:31:00,22.4
2017-01-06 19:32:00,21.65
2017-01-06 19:33:00,20.9
2017-01-06 19:34:00,11.2
2017-01-06 19:35:00,12.2
2017-01-06 19:36:00,13.2
2017-01-06 19:37:00,14.175
2017-01-06 19:38:00,15.15
2017-01-06 19:39:00,16.125
2017-01-06 19:40:00,17.1
2017-01-06 19:41:00,12.3
2017-01-06 19:42:00,13.6
2017-01-06 19:43:00,14.9
2017-01-06 19:44:00,16.2
2017-01-06 19:45:00,15.1
2017-01-06 19:46:00,14.0
2017-01-06 19:47:00,12.9
2017-01-06 19:48:00,19.4
2017-01-06 19:49:00,18.7333
2017-01-06 19:50:00,18.0667
2017-01-06 19:51:00,17.4
2017-01-06 19:52:00,12.9
2017-01-06 19:53:00,13.9
2017-01-06 19:54:00,14.9
2017-01-06 19:55:00,15.9
2017-01-06 19:56:00,20.34
2017-01-06 19:57:00,24.78
2017-01-06 19:58:00,29.22
2017-01-06 19:59:00,33.66
2017-01-06 20:00:00,38.1
2017-01-06 20:01:00,36.9
2017-01-06 20:02:00,35.7
2017-01-06 20:03:00,34.5
2017-01-06 20:04:00,29.5
2017-01-06 20:05:00,30.7
2017-01-06 20:06:00,30.7
2017-01-06 20:07:00,30.7
2017-01-06 20:08:00,30.7
2017-01-06 20:09:00,35.7
2017-01-06 20:10:00,34.55
2017-01-06 20:11:00,33.4
2017-01-06 20:12:00,33.4
2017-01-06 20:13:00,33.1
2017-01-06 20:14:00,32.8
2017-01-06 20:15:00,32.5
2017-01-06 20:16:00,69.2
2017-01-06 20:17:00,95.2
2017-01-06 20:18:00,97.0667
2017-01-06 20:19:00,98.9333
2017-01-06 20:20:00,100.8
2017-01-06 20:21:00,98.525
2017-01-06 20:22:00,96.25
2017-01-06 20:23:00,93.975
2017-01-06 20:24:00,91.7
2017-01-06 20:25:00,90.9
2017-01-06 20:26:00,90.1
2017-01-06 20:27:00,89.3
2017-01-06 20:28:00,88.58
2017-01-06 20:29:00,87.86
2017-01-06 20:30:00,87.14
2017-01-06 20:31:00,86.42
2017-01-06 20:32:00,85.7
2017-01-06 20:33:00,68.3
2017-01-06 20:34:00,70.225
2017-01-06 20:35:00,72.15
2017-01-06 20:36:00,74.075
2017-01-06 20:37:00,76.0
2017-01-06 20:38:00,62.075
2017-01-06 20:39:00,48.15
2017-01-06 20:40:00,34.225
2017-01-06 20:41:00,20.3
2017-01-06 20:42:00,17.1
2017-01-06 20:43:00,17.7
2017-01-06 20:44:00,16.5
2017-01-06 20:45:00,15.15
2017-01-06 20:46:00,13.8
2017-01-06 20:47:00,14.475
2017-01-06 20:48:00,15.15
2017-01-06 20:49:00,15.825
2017-01-06 20:50:00,16.5
2017-01-06 20:51:00,16.2
2017-01-06 20:52:00,15.9
2017-01-06 20:53:00,15.525
2017-01-06 20:54:00,15.15
2017-01-06 20:55:00,14.775
2017-01-06 20:56:00,14.4
2017-01-06 20:57:00,16.1333
2017-01-06 20:58:00,17.8667
2017-01-06 20:59:00,19.6
2017-01-06 21:00:00,21.3333
2017-01-06 21:01:00,23.0667
2017-01-06 21:02:00,24.8
2017-01-06 21:03:00,23.3
2017-01-06 21:04:00,29.35
2017-01-06 21:05:00,35.4
2017-01-06 21:06:00,34.8
2017-01-06 21:07:00,37.7167
2017-01-06 21:08:00,40.6333
2017-01-06 21:09:00,43.55
2017-01-06 21:10:00,46.4667
2017-01-06 21:11:00,49.3833
2017-01-06 21:12:00,52.3
2017-01-06 21:13:00,49.0
2017-01-06 21:14:00,45.225
2017-01-06 21:15:00,41.45
2017-01-06 21:16:00,37.675
2017-01-06 21:17:00,33.9
2017-01-06 21:18:00,33.74
2017-01-06 21:19:00,33.58
2017-01-06 21:20:00,33.42
2017-01-06 21:21:00,33.26
2017-01-06 21:22:00,33.1
2017-01-06 21:23:00,34.1
2017-01-06 21:24:00,35.1
2017-01-06 21:25:00,36.1
2017-01-06 21:26:00,37.1
2017-01-06 21:27:00,38.1
2017-01-06 21:28:00,38.1
2017-01-06 21:29:00,37.95
2017-01-06 21:30:00,37.8
2017-01-06 21:31:00,37.65
2017-01-06 21:32:00,37.5
2017-01-06 21:33:00,38.25
2017-01-06 21:34:00,39.0
2017-01-06 21:35:00,39.75
2017-01-06 21:36:00,40.5
2017-01-06 21:37:00,38.3
2017-01-06 21:38:00,36.1
2017-01-06 21:39:00,33.9
2017-01-06 21:40:00,34.8
2017-01-06 21:41:00,35.7
2017-01-06 21:42:00,34.2
2017-01-06 21:43:00,34.8
2017-01-06 21:44:00,36.3
2017-01-06 21:45:00,37.8
2017-01-06 21:46:00,39.3
2017-01-06 21:47:00,39.6
2017-01-06 21:48:00,39.9
2017-01-06 21:49:00,38.1
2017-01-06 21:50:00,37.5
2017-01-06 21:51:00,39.15
2017-01-06 21:52:00,40.8
2017-01-06 21:53:00,37.675
2017-01-06 21:54:00,34.55
2017-01-06 21:55:00,31.425
2017-01-06 21:56:00,28.3
2017-01-06 21:57:00,32.3
2017-01-06 21:58:00,36.3
2017-01-06 21:59:00,34.5
2017-01-06 22:00:00,35.325
2017-01-06 22:01:00,36.15
2017-01-06 22:02:00,36.975
2017-01-06 22:03:00,37.8
2017-01-06 22:04:00,40.5
2017-01-06 22:05:00,41.6
2017-01-06 22:06:00,42.7
2017-01-06 22:07:00,43.8
2017-01-06 22:08:00,44.9
2017-01-06 22:09:00,43.5333
2017-01-06 22:10:00,42.1667
2017-01-06 22:11:00,40.8
2017-01-06 22:12:00,44.6
2017-01-06 22:13:00,36.9
2017-01-06 22:14:00,36.525
2017-01-06 22:15:00,36.15
2017-01-06 22:16:00,35.775
2017-01-06 22:17:00,35.4
2017-01-06 22:18:00,33.4
2017-01-06 22:19:00,34.8
2017-01-06 22:20:00,34.34
2017-01-06 22:21:00,33.88
2017-01-06 22:22:00,33.42
2017-01-06 22:23:00,32.96
2017-01-06 22:24:00,32.5
2017-01-06 22:25:00,32.72
2017-01-06 22:26:00,32.94
2017-01-06 22:27:00,33.16
2017-01-06 22:28:00,33.38
2017-01-06 22:29:00,33.6
2017-01-06 22:30:00,31.6
2017-01-06 22:31:00,32.5
2017-01-06 22:32:00,31.675
2017-01-06 22:33:00,30.85
2017-01-06 22:34:00,30.025
2017-01-06 22:35:00,29.2
2017-01-06 22:36:00,29.2
2017-01-06 22:37:00,29.2
2017-01-06 22:38:00,29.2
2017-01-06 22:39:00,29.2
2017-01-06 22:40:00,30.4
2017-01-06 22:41:00,21.2
2017-01-06 22:42:00,21.2
2017-01-06 22:43:00,21.2
2017-01-06 22:44:00,21.0
2017-01-06 22:45:00,20.8
2017-01-06 22:46:00,20.6
2017-01-06 22:47:00,20.4
2017-01-06 22:48:00,20.2
2017-01-06 22:49:00,20.0
2017-01-06 22:50:00,18.3
2017-01-06 22:51:00,18.33
2017-01-06 22:52:00,18.36
2017-01-06 22:53:00,18.39
2017-01-06 22:54:00,18.42
2017-01-06 22:55:00,18.45
2017-01-06 22:56:00,18.48
2017-01-06 22:57:00,18.51
2017-01-06 22:58:00,18.54
2017-01-06 22:59:00,18.57
2017-01-06 23:00:00,18.6
2017-01-06 23:01:00,21.7
2017-01-06 23:02:00,24.8
2017-01-06 23:03:00,27.9
2017-01-06 23:04:00,31.0
2017-01-06 23:05:00,31.88
2017-01-06 23:06:00,32.76
2017-01-06 23:07:00,33.64
2017-01-06 23:08:00,34.52
2017-01-06 23:09:00,35.4
2017-01-06 23:10:00,34.4
2017-01-06 23:11:00,33.4
2017-01-06 23:12:00,33.44
2017-01-06 23:13:00,33.48
2017-01-06 23:14:00,33.52
2017-01-06 23:15:00,33.56
2017-01-06 23:16:00,33.6
2017-01-06 23:17:00,32.9933
2017-01-06 23:18:00,32.3867
2017-01-06 23:19:00,31.78
2017-01-06 23:20:00,31.1733
2017-01-06 23:21:00,30.5667
2017-01-06 23:22:00,29.96
2017-01-06 23:23:00,29.3533
2017-01-06 23:24:00,28.7467
2017-01-06 23:25:00,28.14
2017-01-06 23:26:00,27.5333
2017-01-06 23:27:00,26.9267
2017-01-06 23:28:00,26.32
2017-01-06 23:29:00,25.7133
2017-01-06 23:30:00,25.1067
2017-01-06 23:31:00,24.5
2017-01-06 23:32:00,25.4
2017-01-06 23:33:00,26.2125
2017-01-06 23:34:00,27.025
2017-01-06 23:35:00,27.8375
2017-01-06 23:36:00,28.65
2017-01-06 23:37:00,29.4625
2017-01-06 23:38:00,30.275
2017-01-06 23:39:00,31.0875
2017-01-06 23:40:00,31.9
2017-01-06 23:41:00,34.1
2017-01-06 23:42:00,36.3
2017-01-06 23:43:00,36.3
2017-01-06 23:44:00,33.05
2017-01-06 23:45:00,29.8
2017-01-06 23:46:00,26.55
2017-01-06 23:47:00,23.3
2017-01-06 23:48:00,29.5
2017-01-06 23:49:00,34.5
2017-01-06 23:50:00,33.025
2017-01-06 23:51:00,31.55
2017-01-06 23:52:00,30.075
2017-01-06 23:53:00,28.6
2017-01-06 23:54:00,28.8
2017-01-06 23:55:00,29.0
2017-01-06 23:56:00,29.2
2017-01-06 23:57:00,28.75
2017-01-06 23:58:00,28.3
2017-01-06 23:59:00,29.08
2017-01-07 00:00:00,29.86
2017-01-07 00:01:00,30.64
2017-01-07 00:02:00,31.42
2017-01-07 00:03:00,32.2
2017-01-07 00:04:00,32.5
2017-01-07 00:05:00,36.25
2017-01-07 00:06:00,40.0
2017-01-07 00:07:00,43.75
2017-01-07 00:08:00,47.5
2017-01-07 00:09:00,51.25
2017-01-07 00:10:00,55.0
2017-01-07 00:11:00,56.4
2017-01-07 00:12:00,55.975
2017-01-07 00:13:00,55.55
2017-01-07 00:14:00,55.125
2017-01-07 00:15:00,54.7
2017-01-07 00:16:00,56.0
2017-01-07 00:17:00,57.3
2017-01-07 00:18:00,58.6
2017-01-07 00:19:00,59.9
2017-01-07 00:20:00,61.2
2017-01-07 00:21:00,58.675
2017-01-07 00:22:00,56.15
2017-01-07 00:23:00,53.625
2017-01-07 00:24:00,51.1
2017-01-07 00:25:00,56.4
2017-01-07 00:26:00,54.9286
2017-01-07 00:27:00,53.4571
2017-01-07 00:28:00,51.9857
2017-01-07 00:29:00,50.5143
2017-01-07 00:30:00,49.0429
2017-01-07 00:31:00,47.5714
2017-01-07 00:32:00,46.1
2017-01-07 00:33:00,44.7
2017-01-07 00:34:00,43.3
2017-01-07 00:35:00,41.9
2017-01-07 00:36:00,43.1
2017-01-07 00:37:00,44.3
2017-01-07 00:38:00,45.5
2017-01-07 00:39:00,46.7
2017-01-07 00:40:00,47.9667
2017-01-07 00:41:00,49.2333
2017-01-07 00:42:00,50.5
2017-01-07 00:43:00,42.2
2017-01-07 00:44:00,40.45
2017-01-07 00:45:00,38.7
2017-01-07 00:46:00,38.05
2017-01-07 00:47:00,37.4
2017-01-07 00:48:00,36.75
2017-01-07 00:49:00,36.1
2017-01-07 00:50:00,35.45
2017-01-07 00:51:00,34.8
2017-01-07 00:52:00,31.0
2017-01-07 00:53:00,31.4
2017-01-07 00:54:00,31.8
2017-01-07 00:55:00,32.2
2017-01-07 00:56:00,31.0667
2017-01-07 00:57:00,29.9333
2017-01-07 00:58:00,28.8
2017-01-07 00:59:00,27.6667
2017-01-07 01:00:00,26.5333
2017-01-07 01:01:00,25.4
2017-01-07 01:02:00,24.92
2017-01-07 01:03:00,24.44
2017-01-07 01:04:00,23.96
2017-01-07 01:05:00,23.48
2017-01-07 01:06:00,23.0
2017-01-07 01:07:00,23.3
2017-01-07 01:08:00,27.675
2017-01-07 01:09:00,32.05
2017-01-07 01:10:00,36.425
2017-01-07 01:11:00,40.8
2017-01-07 01:12:00,36.3
2017-01-07 01:13:00,31.0
2017-01-07 01:14:00,25.7
2017-01-07 01:15:00,26.2
2017-01-07 01:16:00,26.98
2017-01-07 01:17:00,27.76
2017-01-07 01:18:00,28.54
2017-01-07 01:19:00,29.32
2017-01-07 01:20:00,30.1
2017-01-07 01:21:00,25.4
2017-01-07 01:22:00,25.25
2017-01-07 01:23:00,25.1
2017-01-07 01:24:00,31.0
2017-01-07 01:25:00,28.7333
2017-01-07 01:26:00,26.4667
2017-01-07 01:27:00,24.2
2017-01-07 01:28:00,24.1
2017-01-07 01:29:00,24.0
2017-01-07 01:30:00,23.9
2017-01-07 01:31:00,23.8
2017-01-07 01:32:00,23.7
2017-01-07 01:33:00,23.6
2017-01-07 01:34:00,23.525
2017-01-07 01:35:00,23.45
2017-01-07 01:36:00,23.375
2017-01-07 01:37:00,23.3
2017-01-07 01:38:00,22.775
2017-01-07 01:39:00,22.25
2017-01-07 01:40:00,21.725
2017-01-07 01:41:00,21.2
2017-01-07 01:42:00,21.5
2017-01-07 01:43:00,21.8
2017-01-07 01:44:00,22.1
2017-01-07 01:45:00,21.8
2017-01-07 01:46:00,20.6
2017-01-07 01:47:00,20.1
2017-01-07 01:48:00,19.6
2017-01-07 01:49:00,19.1
2017-01-07 01:50:00,18.6
2017-01-07 01:51:00,18.1
2017-01-07 01:52:00,17.6
2017-01-07 01:53:00,17.1
2017-01-07 01:54:00,16.875
2017-01-07 01:55:00,16.65
2017-01-07 01:56:00,16.425
2017-01-07 01:57:00,16.2
2017-01-07 01:58:00,15.6
2017-01-07 01:59:00,15.5
2017-01-07 02:00:00,15.4
2017-01-07 02:01:00,15.3
2017-01-07 02:02:00,15.1
2017-01-07 02:03:00,14.9
2017-01-07 02:04:00,14.7
2017-01-07 02:05:00,18.3
2017-01-07 02:06:00,15.3
2017-01-07 02:07:00,15.075
2017-01-07 02:08:00,14.85
2017-01-07 02:09:00,14.625
2017-01-07 02:10:00,14.4
2017-01-07 02:11:00,14.2
2017-01-07 02:12:00,14.0
2017-01-07 02:13:00,13.8
2017-01-07 02:14:00,14.0
2017-01-07 02:15:00,14.2
2017-01-07 02:16:00,14.4
2017-01-07 02:17:00,13.2
2017-01-07 02:18:00,13.2
2017-01-07 02:19:00,13.2
2017-01-07 02:20:00,13.2
2017-01-07 02:21:00,13.0
2017-01-07 02:22:00,12.8
2017-01-07 02:23:00,12.6
2017-01-07 02:24:00,12.4
2017-01-07 02:25:00,12.2
2017-01-07 02:26:00,12.0
2017-01-07 02:27:00,12.1
2017-01-07 02:28:00,12.2
2017-01-07 02:29:00,12.3
2017-01-07 02:30:00,12.2571
2017-01-07 02:31:00,12.2143
2017-01-07 02:32:00,12.1714
2017-01-07 02:33:00,12.1286
2017-01-07 02:34:00,12.0857
2017-01-07 02:35:00,12.0429
2017-01-07 02:36:00,12.0
2017-01-07 02:37:00,12.6
2017-01-07 02:38:00,12.55
2017-01-07 02:39:00,12.5
2017-01-07 02:40:00,12.45
2017-01-07 02:41:00,12.4
2017-01-07 02:42:00,12.35
2017-01-07 02:43:00,12.3
2017-01-07 02:44:00,13.8
2017-01-07 02:45:00,14.05
2017-01-07 02:46:00,14.3
2017-01-07 02:47:00,14.55
2017-01-07 02:48:00,14.8
2017-01-07 02:49:00,15.05
2017-01-07 02:50:00,15.3
2017-01-07 02:51:00,17.1
2017-01-07 02:52:00,17.68
2017-01-07 02:53:00,18.26
2017-01-07 02:54:00,18.84
2017-01-07 02:55:00,19.42
2017-01-07 02:56:00,20.0
2017-01-07 02:57:00,20.0
2017-01-07 02:58:00,28.0
2017-01-07 02:59:00,25.95
2017-01-07 03:00:00,23.9
2017-01-07 03:01:00,23.6
2017-01-07 03:02:00,21.5
2017-01-07 03:03:00,21.1625
2017-01-07 03:04:00,20.825
2017-01-07 03:05:00,20.4875
2017-01-07 03:06:00,20.15
2017-01-07 03:07:00,19.8125
2017-01-07 03:08:00,19.475
2017-01-07 03:09:00,19.1375
2017-01-07 03:10:00,18.8
2017-01-07 03:11:00,18.55
2017-01-07 03:12:00,18.3
2017-01-07 03:13:00,17.88
2017-01-07 03:14:00,17.46
2017-01-07 03:15:00,17.04
2017-01-07 03:16:00,16.62
2017-01-07 03:17:00,16.2
2017-01-07 03:18:00,15.6
2017-01-07 03:19:00,16.6333
2017-01-07 03:20:00,17.6667
2017-01-07 03:21:00,18.7
2017-01-07 03:22:00,19.7333
2017-01-07 03:23:00,20.7667
2017-01-07 03:24:00,21.8
2017-01-07 03:25:00,22.04
2017-01-07 03:26:00,22.28
2017-01-07 03:27:00,22.52
2017-01-07 03:28:00,22.76
2017-01-07 03:29:00,23.0
2017-01-07 03:30:00,22.7
2017-01-07 03:31:00,22.22
2017-01-07 03:32:00,21.74
2017-01-07 03:33:00,21.26
2017-01-07 03:34:00,20.78
2017-01-07 03:35:00,20.3
2017-01-07 03:36:00,19.725
2017-01-07 03:37:00,19.15
2017-01-07 03:38:00,18.575
2017-01-07 03:39:00,18.0
2017-01-07 03:40:00,18.4
2017-01-07 03:41:00,18.8
2017-01-07 03:42:00,19.2
2017-01-07 03:43:00,19.6
2017-01-07 03:44:00,20.0
2017-01-07 03:45:00,19.7
2017-01-07 03:46:00,19.4
2017-01-07 03:47:00,18.25
2017-01-07 03:48:00,17.1
2017-01-07 03:49:00,16.7571
2017-01-07 03:50:00,16.4143
2017-01-07 03:51:00,16.0714
2017-01-07 03:52:00,15.7286
2017-01-07 03:53:00,15.3857
2017-01-07 03:54:00,15.0429
2017-01-07 03:55:00,14.7
2017-01-07 03:56:00,10.3
2017-01-07 03:57:00,10.575
2017-01-07 03:58:00,10.85
2017-01-07 03:59:00,11.125
2017-01-07 04:00:00,11.4
2017-01-07 04:01:00,13.2
2017-01-07 04:02:00,20.75
2017-01-07 04:03:00,28.3
2017-01-07 04:04:00,24.4667
2017-01-07 04:05:00,20.6333
2017-01-07 04:06:00,16.8
2017-01-07 04:07:00,16.7
2017-01-07 04:08:00,16.6
2017-01-07 04:09:00,16.5
2017-01-07 04:10:00,12.3
2017-01-07 04:11:00,12.3
2017-01-07 04:12:00,12.3
2017-01-07 04:13:00,12.3
2017-01-07 04:14:00,15.5
2017-01-07 04:15:00,18.7
2017-01-07 04:16:00,21.9
2017-01-07 04:17:00,25.1
2017-01-07 04:18:00,26.2833
2017-01-07 04:19:00,27.4667
2017-01-07 04:20:00,28.65
2017-01-07 04:21:00,29.8333
2017-01-07 04:22:00,31.0167
2017-01-07 04:23:00,32.2
2017-01-07 04:24:00,33.6
2017-01-07 04:25:00,29.4667
2017-01-07 04:26:00,25.3333
2017-01-07 04:27:00,21.2
2017-01-07 04:28:00,22.4
2017-01-07 04:29:00,23.6
2017-01-07 04:30:00,28.3333
2017-01-07 04:31:00,33.0667
2017-01-07 04:32:00,37.8
2017-01-07 04:33:00,37.68
2017-01-07 04:34:00,37.56
2017-01-07 04:35:00,37.44
2017-01-07 04:36:00,37.32
2017-01-07 04:37:00,37.2
2017-01-07 04:38:00,33.725
2017-01-07 04:39:00,30.25
2017-01-07 04:40:00,26.775
2017-01-07 04:41:00,23.3
2017-01-07 04:42:00,23.9
2017-01-07 04:43:00,25.2
2017-01-07 04:44:00,26.5
2017-01-07 04:45:00,28.8833
2017-01-07 04:46:00,31.2667
2017-01-07 04:47:00,33.65
2017-01-07 04:48:00,36.0333
2017-01-07 04:49:00,38.4167
2017-01-07 04:50:00,40.8
2017-01-07 04:51:00,38.7
2017-01-07 04:52:00,39.6
2017-01-07 04:53:00,39.35
2017-01-07 04:54:00,39.1
2017-01-07 04:55:00,38.85
2017-01-07 04:56:00,38.6
2017-01-07 04:57:00,38.35
2017-01-07 04:58:00,38.1
2017-01-07 04:59:00,41.95
2017-01-07 05:00:00,45.8
2017-01-07 05:01:00,49.65
2017-01-07 05:02:00,53.5
2017-01-07 05:03:00,62.7
2017-01-07 05:04:00,57.7667
2017-01-07 05:05:00,52.8333
2017-01-07 05:06:00,47.9
2017-01-07 05:07:00,48.48
2017-01-07 05:08:00,49.06
2017-01-07 05:09:00,49.64
2017-01-07 05:10:00,50.22
2017-01-07 05:11:00,50.8
2017-01-07 05:12:00,53.9667
2017-01-07 05:13:00,57.1333
2017-01-07 05:14:00,60.3
2017-01-07 05:15:00,59.925
2017-01-07 05:16:00,59.55
2017-01-07 05:17:00,59.175
2017-01-07 05:18:00,58.8
2017-01-07 05:19:00,58.5
2017-01-07 05:20:00,58.85
2017-01-07 05:21:00,59.2
2017-01-07 05:22:00,59.55
2017-01-07 05:23:00,59.9
2017-01-07 05:24:00,60.25
2017-01-07 05:25:00,60.6
2017-01-07 05:26:00,59.9
2017-01-07 05:27:00,59.2
2017-01-07 05:28:00,58.5
2017-01-07 05:29:00,53.8
2017-01-07 05:30:00,54.4
2017-01-07 05:31:00,52.86
2017-01-07 05:32:00,51.32
2017-01-07 05:33:00,49.78
2017-01-07 05:34:00,48.24
2017-01-07 05:35:00,46.7
2017-01-07 05:36:00,45.8
2017-01-07 05:37:00,44.9
2017-01-07 05:38:00,45.96
2017-01-07 05:39:00,47.02
2017-01-07 05:40:00,48.08
2017-01-07 05:41:00,49.14
2017-01-07 05:42:00,50.2
2017-01-07 05:43:00,48.14
2017-01-07 05:44:00,46.08
2017-01-07 05:45:00,44.02
2017-01-07 05:46:00,41.96
2017-01-07 05:47:00,39.9
2017-01-07 05:48:00,33.9
2017-01-07 05:49:00,34.7571
2017-01-07 05:50:00,35.6143
2017-01-07 05:51:00,36.4714
2017-01-07 05:52:00,37.3286
2017-01-07 05:53:00,38.1857
2017-01-07 05:54:00,39.0429
2017-01-07 05:55:00,39.9
2017-01-07 05:56:00,39.375
2017-01-07 05:57:00,38.85
2017-01-07 05:58:00,38.325
2017-01-07 05:59:00,37.8
2017-01-07 06:00:00,37.275
2017-01-07 06:01:00,36.75
2017-01-07 06:02:00,36.225
2017-01-07 06:03:00,35.7
2017-01-07 06:04:00,36.6
2017-01-07 06:05:00,36.3
2017-01-07 06:06:00,36.0
2017-01-07 06:07:00,36.9
2017-01-07 06:08:00,37.68
2017-01-07 06:09:00,38.46
2017-01-07 06:10:00,39.24
2017-01-07 06:11:00,40.02
2017-01-07 06:12:00,40.8
2017-01-07 06:13:00,41.8667
2017-01-07 06:14:00,42.9333
2017-01-07 06:15:00,44.0
2017-01-07 06:16:00,44.9
2017-01-07 06:17:00,45.8
2017-01-07 06:18:00,46.7
2017-01-07 06:19:00,47.6
2017-01-07 06:20:00,46.2
2017-01-07 06:21:00,44.8
2017-01-07 06:22:00,43.4
2017-01-07 06:23:00,44.4833
2017-01-07 06:24:00,45.5667
2017-01-07 06:25:00,46.65
2017-01-07 06:26:00,47.7333
2017-01-07 06:27:00,48.8167
2017-01-07 06:28:00,49.9
2017-01-07 06:29:00,52.9
2017-01-07 06:30:00,48.4
2017-01-07 06:31:00,46.6333
2017-01-07 06:32:00,44.8667
2017-01-07 06:33:00,43.1
2017-01-07 06:34:00,44.6833
2017-01-07 06:35:00,46.2667
2017-01-07 06:36:00,47.85
2017-01-07 06:37:00,49.4333
2017-01-07 06:38:00,51.0167
2017-01-07 06:39:00,52.6
2017-01-07 06:40:00,52.0
2017-01-07 06:41:00,46.6667
2017-01-07 06:42:00,41.3333
2017-01-07 06:43:00,36.0
2017-01-07 06:44:00,36.9
2017-01-07 06:45:00,36.42
2017-01-07 06:46:00,35.94
2017-01-07 06:47:00,35.46
2017-01-07 06:48:00,34.98
2017-01-07 06:49:00,34.5
2017-01-07 06:50:00,35.7
2017-01-07 06:51:00,38.3625
2017-01-07 06:52:00,41.025
2017-01-07 06:53:00,43.6875
2017-01-07 06:54:00,46.35
2017-01-07 06:55:00,49.0125
2017-01-07 06:56:00,51.675
2017-01-07 06:57:00,54.3375
2017-01-07 06:58:00,57.0
2017-01-07 06:59:00,54.1
2017-01-07 07:00:00,50.85
2017-01-07 07:01:00,47.6
2017-01-07 07:02:00,48.9667
2017-01-07 07:03:00,50.3333
2017-01-07 07:04:00,51.7
2017-01-07 07:05:00,53.0667
2017-01-07 07:06:00,54.4333
2017-01-07 07:07:00,55.8
2017-01-07 07:08:00,57.075
2017-01-07 07:09:00,58.35
2017-01-07 07:10:00,59.625
2017-01-07 07:11:00,60.9
2017-01-07 07:12:00,58.7
2017-01-07 07:13:00,56.5
2017-01-07 07:14:00,54.3
2017-01-07 07:15:00,52.1
2017-01-07 07:16:00,49.9
2017-01-07 07:17:00,47.7
2017-01-07 07:18:00,45.5
2017-01-07 07:19:00,42.1
2017-01-07 07:20:00,38.7
2017-01-07 07:21:00,34.2
2017-01-07 07:22:00,36.2
2017-01-07 07:23:00,38.2
2017-01-07 07:24:00,40.2
2017-01-07 07:25:00,42.2
2017-01-07 07:26:00,40.2
2017-01-07 07:27:00,40.96
2017-01-07 07:28:00,41.72
2017-01-07 07:29:00,42.48
2017-01-07 07:30:00,43.24
2017-01-07 07:31:00,44.0
2017-01-07 07:32:00,44.9
2017-01-07 07:33:00,45.8
2017-01-07 07:34:00,46.7
2017-01-07 07:35:00,47.6
2017-01-07 07:36:00,47.45
2017-01-07 07:37:00,47.3
2017-01-07 07:38:00,47.15
2017-01-07 07:39:00,47.0
2017-01-07 07:40:00,43.56
2017-01-07 07:41:00,40.12
2017-01-07 07:42:00,36.68
2017-01-07 07:43:00,33.24
2017-01-07 07:44:00,29.8
2017-01-07 07:45:00,31.2667
2017-01-07 07:46:00,32.7333
2017-01-07 07:47:00,34.2
2017-01-07 07:48:00,29.8
2017-01-07 07:49:00,30.7
2017-01-07 07:50:00,30.9
2017-01-07 07:51:00,31.1
2017-01-07 07:52:00,31.3
2017-01-07 07:53:00,31.5
2017-01-07 07:54:00,31.7
2017-01-07 07:55:00,31.9
2017-01-07 07:56:00,25.7
2017-01-07 07:57:00,27.6
2017-01-07 07:58:00,29.5
2017-01-07 07:59:00,28.75
2017-01-07 08:00:00,28.0
2017-01-07 08:01:00,26.5
2017-01-07 08:02:00,28.6
2017-01-07 08:03:00,28.75
2017-01-07 08:04:00,28.9
2017-01-07 08:05:00,29.05
2017-01-07 08:06:00,29.2
2017-01-07 08:07:00,28.1444
2017-01-07 08:08:00,27.0889
2017-01-07 08:09:00,26.0333
2017-01-07 08:10:00,24.9778
2017-01-07 08:11:00,23.9222
2017-01-07 08:12:00,22.8667
2017-01-07 08:13:00,21.8111
2017-01-07 08:14:00,20.7556
2017-01-07 08:15:00,19.7
2017-01-07 08:16:00,20.72
2017-01-07 08:17:00,21.74
2017-01-07 08:18:00,22.76
2017-01-07 08:19:00,23.78
2017-01-07 08:20:00,24.8
2017-01-07 08:21:00,21.5
2017-01-07 08:22:00,22.5375
2017-01-07 08:23:00,23.575
2017-01-07 08:24:00,24.6125
2017-01-07 08:25:00,25.65
2017-01-07 08:26:00,26.6875
2017-01-07 08:27:00,27.725
2017-01-07 08:28:00,28.7625
2017-01-07 08:29:00,29.8
2017-01-07 08:30:00,30.7
2017-01-07 08:31:00,31.6
2017-01-07 08:32:00,32.5
2017-01-07 08:33:00,33.4
2017-01-07 08:34:00,33.6
2017-01-07 08:35:00,33.3667
2017-01-07 08:36:00,33.1333
2017-01-07 08:37:00,32.9
2017-01-07 08:38:00,32.6667
2017-01-07 08:39:00,32.4333
2017-01-07 08:40:00,32.2
2017-01-07 08:41:00,31.6
2017-01-07 08:42:00,31.35
2017-01-07 08:43:00,31.1
2017-01-07 08:44:00,30.85
2017-01-07 08:45:00,30.6
2017-01-07 08:46:00,30.35
2017-01-07 08:47:00,30.1
2017-01-07 08:48:00,54.1
2017-01-07 08:49:00,51.84
2017-01-07 08:50:00,49.58
2017-01-07 08:51:00,47.32
2017-01-07 08:52:00,45.06
2017-01-07 08:53:00,42.8
2017-01-07 08:54:00,44.8714
2017-01-07 08:55:00,46.9429
2017-01-07 08:56:00,49.0143
2017-01-07 08:57:00,51.0857
2017-01-07 08:58:00,53.1571
2017-01-07 08:59:00,55.2286
2017-01-07 09:00:00,57.3
2017-01-07 09:01:00,53.825
2017-01-07 09:02:00,50.35
2017-01-07 09:03:00,46.875
2017-01-07 09:04:00,43.4
2017-01-07 09:05:00,45.2
2017-01-07 09:06:00,47.7
2017-01-07 09:07:00,50.2
2017-01-07 09:08:00,43.1
2017-01-07 09:09:00,42.0
2017-01-07 09:10:00,40.9
2017-01-07 09:11:00,39.8
2017-01-07 09:12:00,38.7
2017-01-07 09:13:00,36.89
2017-01-07 09:14:00,35.08
2017-01-07 09:15:00,33.27
2017-01-07 09:16:00,31.46
2017-01-07 09:17:00,29.65
2017-01-07 09:18:00,27.84
2017-01-07 09:19:00,26.03
2017-01-07 09:20:00,24.22
2017-01-07 09:21:00,22.41
2017-01-07 09:22:00,20.6
2017-01-07 09:23:00,22.7
2017-01-07 09:24:00,23.225
2017-01-07 09:25:00,23.75
2017-01-07 09:26:00,24.275
2017-01-07 09:27:00,24.8
2017-01-07 09:28:00,23.675
2017-01-07 09:29:00,22.55
2017-01-07 09:30:00,21.425
2017-01-07 09:31:00,20.3
2017-01-07 09:32:00,23.0
2017-01-07 09:33:00,24.3833
2017-01-07 09:34:00,25.7667
2017-01-07 09:35:00,27.15
2017-01-07 09:36:00,28.5333
2017-01-07 09:37:00,29.9167
2017-01-07 09:38:00,31.3
2017-01-07 09:39:00,21.5
2017-01-07 09:40:00,20.6
2017-01-07 09:41:00,19.1
2017-01-07 09:42:00,19.4857
2017-01-07 09:43:00,19.8714
2017-01-07 09:44:00,20.2571
2017-01-07 09:45:00,20.6429
2017-01-07 09:46:00,21.0286
2017-01-07 09:47:00,21.4143
2017-01-07 09:48:00,21.8
2017-01-07 09:49:00,22.7
2017-01-07 09:50:00,20.74
2017-01-07 09:51:00,18.78
2017-01-07 09:52:00,16.82
2017-01-07 09:53:00,14.86
2017-01-07 09:54:00,12.9
2017-01-07 09:55:00,17.8
2017-01-07 09:56:00,22.7
2017-01-07 09:57:00,22.55
2017-01-07 09:58:00,22.4
2017-01-07 09:59:00,22.25
2017-01-07 10:00:00,22.1
2017-01-07 10:01:00,22.4
2017-01-07 10:02:00,22.7
2017-01-07 10:03:00,29.1
2017-01-07 10:04:00,35.5
2017-01-07 10:05:00,41.9
2017-01-07 10:06:00,37.9
2017-01-07 10:07:00,33.9
2017-01-07 10:08:00,33.9
2017-01-07 10:09:00,34.14
2017-01-07 10:10:00,34.38
2017-01-07 10:11:00,34.62
2017-01-07 10:12:00,34.86
2017-01-07 10:13:00,35.1
2017-01-07 10:14:00,34.5333
2017-01-07 10:15:00,33.9667
2017-01-07 10:16:00,33.4
2017-01-07 10:17:00,35.45
2017-01-07 10:18:00,37.5
2017-01-07 10:19:00,39.55
2017-01-07 10:20:00,41.6
2017-01-07 10:21:00,25.4
2017-01-07 10:22:00,23.6
2017-01-07 10:23:00,22.35
2017-01-07 10:24:00,21.1
2017-01-07 10:25:00,19.85
2017-01-07 10:26:00,18.6
2017-01-07 10:27:00,20.075
2017-01-07 10:28:00,21.55
2017-01-07 10:29:00,23.025
2017-01-07 10:30:00,24.5
2017-01-07 10:31:00,24.5
2017-01-07 10:32:00,24.5
2017-01-07 10:33:00,24.5
2017-01-07 10:34:00,23.6
2017-01-07 10:35:00,22.7
2017-01-07 10:36:00,24.6667
2017-01-07 10:37:00,26.6333
2017-01-07 10:38:00,28.6
2017-01-07 10:39:00,28.3
2017-01-07 10:40:00,27.7
2017-01-07 10:41:00,27.1
2017-01-07 10:42:00,26.5
2017-01-07 10:43:00,25.85
2017-01-07 10:44:00,25.2
2017-01-07 10:45:00,24.55
2017-01-07 10:46:00,23.9
2017-01-07 10:47:00,22.775
2017-01-07 10:48:00,21.65
2017-01-07 10:49:00,20.525
2017-01-07 10:50:00,19.4
2017-01-07 10:51:00,20.5
2017-01-07 10:52:00,21.6
2017-01-07 10:53:00,22.7
2017-01-07 10:54:00,23.8
2017-01-07 10:55:00,24.9
2017-01-07 10:56:00,26.0
2017-01-07 10:57:00,25.025
2017-01-07 10:58:00,24.05
2017-01-07 10:59:00,23.075
2017-01-07 11:00:00,22.1
2017-01-07 11:01:00,21.7571
2017-01-07 11:02:00,21.4143
2017-01-07 11:03:00,21.0714
2017-01-07 11:04:00,20.7286
2017-01-07 11:05:00,20.3857
2017-01-07 11:06:00,20.0429
2017-01-07 11:07:00,19.7
2017-01-07 11:08:00,24.2
2017-01-07 11:09:00,24.26
2017-01-07 11:10:00,24.32
2017-01-07 11:11:00,24.38
2017-01-07 11:12:00,24.44
2017-01-07 11:13:00,24.5
2017-01-07 11:14:00,20.0
2017-01-07 11:15:00,19.42
2017-01-07 11:16:00,18.84
2017-01-07 11:17:00,18.26
2017-01-07 11:18:00,17.68
2017-01-07 11:19:00,17.1
2017-01-07 11:20:00,17.7
2017-01-07 11:21:00,17.1
2017-01-07 11:22:00,20.7333
2017-01-07 11:23:00,24.3667
2017-01-07 11:24:00,28.0
2017-01-07 11:25:00,27.625
2017-01-07 11:26:00,27.25
2017-01-07 11:27:00,26.875
2017-01-07 11:28:00,26.5
2017-01-07 11:29:00,28.0
2017-01-07 11:30:00,28.15
2017-01-07 11:31:00,28.3
2017-01-07 11:32:00,28.45
2017-01-07 11:33:00,28.6
2017-01-07 11:34:00,31.9667
2017-01-07 11:35:00,35.3333
2017-01-07 11:36:00,38.7
2017-01-07 11:37:00,31.0
2017-01-07 11:38:00,34.5
2017-01-07 11:39:00,32.0333
2017-01-07 11:40:00,29.5667
2017-01-07 11:41:00,27.1
2017-01-07 11:42:00,26.0429
2017-01-07 11:43:00,24.9857
2017-01-07 11:44:00,23.9286
2017-01-07 11:45:00,22.8714
2017-01-07 11:46:00,21.8143
2017-01-07 11:47:00,20.7571
2017-01-07 11:48:00,19.7
2017-01-07 11:49:00,18.94
2017-01-07 11:50:00,18.18
2017-01-07 11:51:00,17.42
2017-01-07 11:52:00,16.66
2017-01-07 11:53:00,15.9
2017-01-07 11:54:00,20.9
2017-01-07 11:55:00,19.45
2017-01-07 11:56:00,18.0
2017-01-07 11:57:00,18.15
2017-01-07 11:58:00,18.3
2017-01-07 11:59:00,20.6
2017-01-07 12:00:00,18.0
2017-01-07 12:01:00,18.1
2017-01-07 12:02:00,18.2
2017-01-07 12:03:00,18.3
2017-01-07 12:04:00,19.475
2017-01-07 12:05:00,20.65
2017-01-07 12:06:00,21.825
2017-01-07 12:07:00,23.0
2017-01-07 12:08:00,28.0
2017-01-07 12:09:00,26.15
2017-01-07 12:10:00,24.3
2017-01-07 12:11:00,22.45
2017-01-07 12:12:00,20.6
2017-01-07 12:13:00,21.2
2017-01-07 12:14:00,21.4
2017-01-07 12:15:00,21.6
2017-01-07 12:16:00,21.8
2017-01-07 12:17:00,22.1
2017-01-07 12:18:00,23.15
2017-01-07 12:19:00,24.2
2017-01-07 12:20:00,18.8
2017-01-07 12:21:00,20.075
2017-01-07 12:22:00,21.35
2017-01-07 12:23:00,22.625
2017-01-07 12:24:00,23.9
2017-01-07 12:25:00,23.9
2017-01-07 12:26:00,22.4
2017-01-07 12:27:00,20.9
2017-01-07 12:28:00,19.0
2017-01-07 12:29:00,17.1
2017-01-07 12:30:00,20.6
2017-01-07 12:31:00,20.75
2017-01-07 12:32:00,20.9
2017-01-07 12:33:00,21.05
2017-01-07 12:34:00,21.2
2017-01-07 12:35:00,15.6
2017-01-07 12:36:00,20.9
2017-01-07 12:37:00,18.5333
2017-01-07 12:38:00,16.1667
2017-01-07 12:39:00,13.8
2017-01-07 12:40:00,17.4
2017-01-07 12:41:00,18.6
2017-01-07 12:42:00,19.1
2017-01-07 12:43:00,19.6
2017-01-07 12:44:00,20.1
2017-01-07 12:45:00,20.6
2017-01-07 12:46:00,19.425
2017-01-07 12:47:00,18.25
2017-01-07 12:48:00,17.075
2017-01-07 12:49:00,15.9
2017-01-07 12:50:00,16.275
2017-01-07 12:51:00,16.65
2017-01-07 12:52:00,17.025
2017-01-07 12:53:00,17.4
2017-01-07 12:54:00,17.1
2017-01-07 12:55:00,18.9667
2017-01-07 12:56:00,20.8333
2017-01-07 12:57:00,22.7
2017-01-07 12:58:00,22.775
2017-01-07 12:59:00,22.85
2017-01-07 13:00:00,22.925
2017-01-07 13:01:00,23.0
2017-01-07 13:02:00,21.95
2017-01-07 13:03:00,20.9
2017-01-07 13:04:00,19.85
2017-01-07 13:05:00,18.8
2017-01-07 13:06:00,18.7
2017-01-07 13:07:00,18.6
2017-01-07 13:08:00,18.5
2017-01-07 13:09:00,18.4
2017-01-07 13:10:00,18.3
2017-01-07 13:11:00,19.175
2017-01-07 13:12:00,20.05
2017-01-07 13:13:00,20.925
2017-01-07 13:14:00,21.8
2017-01-07 13:15:00,20.85
2017-01-07 13:16:00,19.9
2017-01-07 13:17:00,18.95
2017-01-07 13:18:00,18.0
2017-01-07 13:19:00,17.9
2017-01-07 13:20:00,17.8
2017-01-07 13:21:00,17.7
2017-01-07 13:22:00,17.85
2017-01-07 13:23:00,18.0
2017-01-07 13:24:00,18.15
2017-01-07 13:25:00,18.3
2017-01-07 13:26:00,16.2
2017-01-07 13:27:00,16.8
2017-01-07 13:28:00,17.7
2017-01-07 13:29:00,18.25
2017-01-07 13:30:00,18.8
2017-01-07 13:31:00,14.7
2017-01-07 13:32:00,17.3667
2017-01-07 13:33:00,20.0333
2017-01-07 13:34:00,22.7
2017-01-07 13:35:00,25.6667
2017-01-07 13:36:00,28.6333
2017-01-07 13:37:00,31.6
2017-01-07 13:38:00,29.16
2017-01-07 13:39:00,26.72
2017-01-07 13:40:00,24.28
2017-01-07 13:41:00,21.84
2017-01-07 13:42:00,19.4
2017-01-07 13:43:00,20.82
2017-01-07 13:44:00,22.24
2017-01-07 13:45:00,23.66
2017-01-07 13:46:00,25.08
2017-01-07 13:47:00,26.5
2017-01-07 13:48:00,24.5
2017-01-07 13:49:00,23.1429
2017-01-07 13:50:00,21.7857
2017-01-07 13:51:00,20.4286
2017-01-07 13:52:00,19.0714
2017-01-07 13:53:00,17.7143
2017-01-07 13:54:00,16.3571
2017-01-07 13:55:00,15.0
2017-01-07 13:56:00,20.9
2017-01-07 13:57:00,20.675
2017-01-07 13:58:00,20.45
2017-01-07 13:59:00,20.225
2017-01-07 14:00:00,20.0
2017-01-07 14:01:00,20.3
2017-01-07 14:02:00,20.6
2017-01-07 14:03:00,20.9
2017-01-07 14:04:00,28.0
2017-01-07 14:05:00,28.05
2017-01-07 14:06:00,28.1
2017-01-07 14:07:00,28.15
2017-01-07 14:08:00,28.2
2017-01-07 14:09:00,28.25
2017-01-07 14:10:00,28.3
2017-01-07 14:11:00,27.54
2017-01-07 14:12:00,26.78
2017-01-07 14:13:00,26.02
2017-01-07 14:14:00,25.26
2017-01-07 14:15:00,24.5
2017-01-07 14:16:00,22.875
2017-01-07 14:17:00,21.25
2017-01-07 14:18:00,19.625
2017-01-07 14:19:00,18.0
2017-01-07 14:20:00,18.7
2017-01-07 14:21:00,19.4
2017-01-07 14:22:00,20.1
2017-01-07 14:23:00,20.8
2017-01-07 14:24:00,21.5
2017-01-07 14:25:00,20.825
2017-01-07 14:26:00,20.15
2017-01-07 14:27:00,19.475
2017-01-07 14:28:00,18.8
2017-01-07 14:29:00,19.55
2017-01-07 14:30:00,20.3
2017-01-07 14:31:00,19.6333
2017-01-07 14:32:00,18.9667
2017-01-07 14:33:00,18.3
2017-01-07 14:34:00,17.5
2017-01-07 14:35:00,16.7
2017-01-07 14:36:00,15.9
2017-01-07 14:37:00,17.7
2017-01-07 14:38:00,18.2429
2017-01-07 14:39:00,18.7857
2017-01-07 14:40:00,19.3286
2017-01-07 14:41:00,19.8714
2017-01-07 14:42:00,20.4143
2017-01-07 14:43:00,20.9571
2017-01-07 14:44:00,21.5
2017-01-07 14:45:00,22.1
2017-01-07 14:46:00,22.7
2017-01-07 14:47:00,23.3
2017-01-07 14:48:00,23.9
2017-01-07 14:49:00,24.5
2017-01-07 14:50:00,25.1
2017-01-07 14:51:00,24.65
2017-01-07 14:52:00,24.2
2017-01-07 14:53:00,23.75
2017-01-07 14:54:00,23.3
2017-01-07 14:55:00,24.4
2017-01-07 14:56:00,25.5
2017-01-07 14:57:00,26.6
2017-01-07 14:58:00,27.7
2017-01-07 14:59:00,25.1
2017-01-07 15:00:00,25.24
2017-01-07 15:01:00,25.38
2017-01-07 15:02:00,25.52
2017-01-07 15:03:00,25.66
2017-01-07 15:04:00,25.8
2017-01-07 15:05:00,25.94
2017-01-07 15:06:00,26.08
2017-01-07 15:07:00,26.22
2017-01-07 15:08:00,26.36
2017-01-07 15:09:00,26.5
2017-01-07 15:10:00,23.9
2017-01-07 15:11:00,24.5
2017-01-07 15:12:00,30.7
2017-01-07 15:13:00,28.475
2017-01-07 15:14:00,26.25
2017-01-07 15:15:00,24.025
2017-01-07 15:16:00,21.8
2017-01-07 15:17:00,21.8
2017-01-07 15:18:00,23.9
2017-01-07 15:19:00,23.7
2017-01-07 15:20:00,23.5
2017-01-07 15:21:00,23.3
2017-01-07 15:22:00,23.1
2017-01-07 15:23:00,22.9
2017-01-07 15:24:00,22.7
2017-01-07 15:25:00,24.8667
2017-01-07 15:26:00,27.0333
2017-01-07 15:27:00,29.2
2017-01-07 15:28:00,25.1
2017-01-07 15:29:00,26.2
2017-01-07 15:30:00,25.38
2017-01-07 15:31:00,24.56
2017-01-07 15:32:00,23.74
2017-01-07 15:33:00,22.92
2017-01-07 15:34:00,22.1
2017-01-07 15:35:00,19.4
2017-01-07 15:36:00,23.1
2017-01-07 15:37:00,26.8
2017-01-07 15:38:00,30.5
2017-01-07 15:39:00,34.2
2017-01-07 15:40:00,33.65
2017-01-07 15:41:00,33.1
2017-01-07 15:42:00,29.1333
2017-01-07 15:43:00,25.1667
2017-01-07 15:44:00,21.2
2017-01-07 15:45:00,22.7
2017-01-07 15:46:00,21.7667
2017-01-07 15:47:00,20.8333
2017-01-07 15:48:00,19.9
2017-01-07 15:49:00,18.9667
2017-01-07 15:50:00,18.0333
2017-01-07 15:51:00,17.1
2017-01-07 15:52:00,18.6
2017-01-07 15:53:00,18.6
2017-01-07 15:54:00,18.6
2017-01-07 15:55:00,18.6
2017-01-07 15:56:00,18.6
2017-01-07 15:57:00,18.6
2017-01-07 15:58:00,19.7
2017-01-07 15:59:00,23.3
2017-01-07 16:00:00,21.5
2017-01-07 16:01:00,19.7
2017-01-07 16:02:00,21.2
2017-01-07 16:03:00,22.1
2017-01-07 16:04:00,23.7667
2017-01-07 16:05:00,25.4333
2017-01-07 16:06:00,27.1
2017-01-07 16:07:00,23.6667
2017-01-07 16:08:00,20.2333
2017-01-07 16:09:00,16.8
2017-01-07 16:10:00,17.16
2017-01-07 16:11:00,17.52
2017-01-07 16:12:00,17.88
2017-01-07 16:13:00,18.24
2017-01-07 16:14:00,18.6
2017-01-07 16:15:00,31.32
2017-01-07 16:16:00,44.04
2017-01-07 16:17:00,56.76
2017-01-07 16:18:00,69.48
2017-01-07 16:19:00,82.2
2017-01-07 16:20:00,83.7
2017-01-07 16:21:00,85.2
2017-01-07 16:22:00,85.4
2017-01-07 16:23:00,86.6
2017-01-07 16:24:00,86.9
2017-01-07 16:25:00,87.2
2017-01-07 16:26:00,87.5
2017-01-07 16:27:00,87.8
2017-01-07 16:28:00,83.4
2017-01-07 16:29:00,83.4
2017-01-07 16:30:00,83.4
2017-01-07 16:31:00,83.4
2017-01-07 16:32:00,83.4
2017-01-07 16:33:00,83.4
2017-01-07 16:34:00,83.9
2017-01-07 16:35:00,84.4
2017-01-07 16:36:00,84.9
2017-01-07 16:37:00,86.2667
2017-01-07 16:38:00,87.6333
2017-01-07 16:39:00,89.0
2017-01-07 16:40:00,76.92
2017-01-07 16:41:00,64.84
2017-01-07 16:42:00,52.76
2017-01-07 16:43:00,40.68
2017-01-07 16:44:00,28.6
2017-01-07 16:45:00,35.1
2017-01-07 16:46:00,36.0
2017-01-07 16:47:00,36.9
2017-01-07 16:48:00,36.42
2017-01-07 16:49:00,35.94
2017-01-07 16:50:00,35.46
2017-01-07 16:51:00,34.98
2017-01-07 16:52:00,34.5
2017-01-07 16:53:00,35.16
2017-01-07 16:54:00,35.82
2017-01-07 16:55:00,36.48
2017-01-07 16:56:00,37.14
2017-01-07 16:57:00,37.8
2017-01-07 16:58:00,36.7
2017-01-07 16:59:00,35.6
2017-01-07 17:00:00,34.5
2017-01-07 17:01:00,33.4
2017-01-07 17:02:00,37.2
2017-01-07 17:03:00,34.5
2017-01-07 17:04:00,36.15
2017-01-07 17:05:00,37.8
2017-01-07 17:06:00,37.7
2017-01-07 17:07:00,37.6
2017-01-07 17:08:00,37.5
2017-01-07 17:09:00,36.6
2017-01-07 17:10:00,35.7
2017-01-07 17:11:00,34.8
2017-01-07 17:12:00,33.9
2017-01-07 17:13:00,28.6
2017-01-07 17:14:00,29.35
2017-01-07 17:15:00,30.1
2017-01-07 17:16:00,30.85
2017-01-07 17:17:00,31.6
2017-01-07 17:18:00,32.35
2017-01-07 17:19:00,33.1
2017-01-07 17:20:00,31.4667
2017-01-07 17:21:00,29.8333
2017-01-07 17:22:00,28.2
2017-01-07 17:23:00,26.5667
2017-01-07 17:24:00,24.9333
2017-01-07 17:25:00,23.3
2017-01-07 17:26:00,24.2
2017-01-07 17:27:00,24.8333
2017-01-07 17:28:00,25.4667
2017-01-07 17:29:00,26.1
2017-01-07 17:30:00,26.7333
2017-01-07 17:31:00,27.3667
2017-01-07 17:32:00,28.0
2017-01-07 17:33:00,26.8
2017-01-07 17:34:00,25.925
2017-01-07 17:35:00,25.05
2017-01-07 17:36:00,24.175
2017-01-07 17:37:00,23.3
2017-01-07 17:38:00,23.84
2017-01-07 17:39:00,24.38
2017-01-07 17:40:00,24.92
2017-01-07 17:41:00,25.46
2017-01-07 17:42:00,26.0
2017-01-07 17:43:00,26.5
2017-01-07 17:44:00,26.25
2017-01-07 17:45:00,26.0
2017-01-07 17:46:00,24.5
2017-01-07 17:47:00,36.9
2017-01-07 17:48:00,35.2667
2017-01-07 17:49:00,33.6333
2017-01-07 17:50:00,32.0
2017-01-07 17:51:00,30.3667
2017-01-07 17:52:00,28.7333
2017-01-07 17:53:00,27.1
2017-01-07 17:54:00,26.8
2017-01-07 17:55:00,26.5333
2017-01-07 17:56:00,26.2667
2017-01-07 17:57:00,26.0
2017-01-07 17:58:00,23.3
2017-01-07 17:59:00,24.12
2017-01-07 18:00:00,24.94
2017-01-07 18:01:00,25.76
2017-01-07 18:02:00,26.58
2017-01-07 18:03:00,27.4
2017-01-07 18:04:00,35.4
2017-01-07 18:05:00,45.9286
2017-01-07 18:06:00,56.4571
2017-01-07 18:07:00,66.9857
2017-01-07 18:08:00,77.5143
2017-01-07 18:09:00,88.0429
2017-01-07 18:10:00,98.5714
2017-01-07 18:11:00,109.1
2017-01-07 18:12:00,111.2
2017-01-07 18:13:00,106.8
2017-01-07 18:14:00,106.7
2017-01-07 18:15:00,106.6
2017-01-07 18:16:00,106.5
2017-01-07 18:17:00,105.9
2017-01-07 18:18:00,108.8
2017-01-07 18:19:00,107.6
2017-01-07 18:20:00,109.56
2017-01-07 18:21:00,111.52
2017-01-07 18:22:00,113.48
2017-01-07 18:23:00,115.44
2017-01-07 18:24:00,117.4
2017-01-07 18:25:00,119.5
2017-01-07 18:26:00,119.26
2017-01-07 18:27:00,119.02
2017-01-07 18:28:00,118.78
2017-01-07 18:29:00,118.54
2017-01-07 18:30:00,118.3
2017-01-07 18:31:00,118.3
2017-01-07 18:32:00,118.6
2017-01-07 18:33:00,118.9
2017-01-07 18:34:00,119.2
2017-01-07 18:35:00,119.275
2017-01-07 18:36:00,119.35
2017-01-07 18:37:00,119.425
2017-01-07 18:38:00,119.5
2017-01-07 18:39:00,120.7
2017-01-07 18:40:00,121.9
2017-01-07 18:41:00,120.4
2017-01-07 18:42:00,120.1
2017-01-07 18:43:00,119.95
2017-01-07 18:44:00,119.8
2017-01-07 18:45:00,119.575
2017-01-07 18:46:00,119.35
2017-01-07 18:47:00,119.125
2017-01-07 18:48:00,118.9
2017-01-07 18:49:00,117.4
2017-01-07 18:50:00,117.1
2017-01-07 18:51:00,117.6
2017-01-07 18:52:00,118.1
2017-01-07 18:53:00,118.6
2017-01-07 18:54:00,119.1
2017-01-07 18:55:00,119.6
2017-01-07 18:56:00,120.1
2017-01-07 18:57:00,120.2
2017-01-07 18:58:00,120.3
2017-01-07 18:59:00,120.4
2017-01-07 19:00:00,123.8
2017-01-07 19:01:00,127.2
2017-01-07 19:02:00,125.7
2017-01-07 19:03:00,124.2
2017-01-07 19:04:00,122.7
2017-01-07 19:05:00,124.05
2017-01-07 19:06:00,125.4
2017-01-07 19:07:00,127.8
2017-01-07 19:08:00,129.6
2017-01-07 19:09:00,125.45
2017-01-07 19:10:00,121.3
2017-01-07 19:11:00,123.0
2017-01-07 19:12:00,121.85
2017-01-07 19:13:00,120.7
2017-01-07 19:14:00,119.2
2017-01-07 19:15:00,118.825
2017-01-07 19:16:00,118.45
2017-01-07 19:17:00,118.075
2017-01-07 19:18:00,117.7
2017-01-07 19:19:00,118.3
2017-01-07 19:20:00,118.6
2017-01-07 19:21:00,118.9
2017-01-07 19:22:00,118.3
2017-01-07 19:23:00,118.75
2017-01-07 19:24:00,119.2
2017-01-07 19:25:00,119.65
2017-01-07 19:26:00,120.1
2017-01-07 19:27:00,120.4
2017-01-07 19:28:00,120.7
2017-01-07 19:29:00,121.0
2017-01-07 19:30:00,121.3
2017-01-07 19:31:00,121.12
2017-01-07 19:32:00,120.94
2017-01-07 19:33:00,120.76
2017-01-07 19:34:00,120.58
2017-01-07 19:35:00,120.4
2017-01-07 19:36:00,119.92
2017-01-07 19:37:00,119.44
2017-01-07 19:38:00,118.96
2017-01-07 19:39:00,118.48
2017-01-07 19:40:00,118.0
2017-01-07 19:41:00,118.5
2017-01-07 19:42:00,119.0
2017-01-07 19:43:00,119.5
2017-01-07 19:44:00,118.9
2017-01-07 19:45:00,119.8
2017-01-07 19:46:00,120.025
2017-01-07 19:47:00,120.25
2017-01-07 19:48:00,120.475
2017-01-07 19:49:00,120.7
2017-01-07 19:50:00,119.95
2017-01-07 19:51:00,119.2
2017-01-07 19:52:00,119.275
2017-01-07 19:53:00,119.35
2017-01-07 19:54:00,119.425
2017-01-07 19:55:00,119.5
2017-01-07 19:56:00,119.425
2017-01-07 19:57:00,119.35
2017-01-07 19:58:00,119.275
2017-01-07 19:59:00,119.2
2017-01-07 20:00:00,121.067
2017-01-07 20:01:00,122.933
2017-01-07 20:02:00,124.8
2017-01-07 20:03:00,128.1
2017-01-07 20:04:00,128.867
2017-01-07 20:05:00,129.633
2017-01-07 20:06:00,130.4
2017-01-07 20:07:00,131.0
2017-01-07 20:08:00,131.6
2017-01-07 20:09:00,130.45
2017-01-07 20:10:00,129.3
2017-01-07 20:11:00,128.4
2017-01-07 20:12:00,127.5
2017-01-07 20:13:00,126.3
2017-01-07 20:14:00,126.9
2017-01-07 20:15:00,127.5
2017-01-07 20:16:00,128.1
2017-01-07 20:17:00,129.58
2017-01-07 20:18:00,131.06
2017-01-07 20:19:00,132.54
2017-01-07 20:20:00,134.02
2017-01-07 20:21:00,135.5
2017-01-07 20:22:00,135.8
2017-01-07 20:23:00,135.45
2017-01-07 20:24:00,135.1
2017-01-07 20:25:00,134.75
2017-01-07 20:26:00,134.4
2017-01-07 20:27:00,134.05
2017-01-07 20:28:00,133.7
2017-01-07 20:29:00,134.06
2017-01-07 20:30:00,134.42
2017-01-07 20:31:00,134.78
2017-01-07 20:32:00,135.14
2017-01-07 20:33:00,135.5
2017-01-07 20:34:00,134.7
2017-01-07 20:35:00,133.9
2017-01-07 20:36:00,133.1
2017-01-07 20:37:00,132.8
2017-01-07 20:38:00,132.5
2017-01-07 20:39:00,132.6
2017-01-07 20:40:00,132.7
2017-01-07 20:41:00,132.8
2017-01-07 20:42:00,132.5
2017-01-07 20:43:00,132.2
2017-01-07 20:44:00,132.68
2017-01-07 20:45:00,133.16
2017-01-07 20:46:00,133.64
2017-01-07 20:47:00,134.12
2017-01-07 20:48:00,134.6
2017-01-07 20:49:00,134.0
2017-01-07 20:50:00,133.4
2017-01-07 20:51:00,132.8
2017-01-07 20:52:00,132.9
2017-01-07 20:53:00,133.0
2017-01-07 20:54:00,133.1
2017-01-07 20:55:00,131.475
2017-01-07 20:56:00,129.85
2017-01-07 20:57:00,128.225
2017-01-07 20:58:00,126.6
2017-01-07 20:59:00,134.3
2017-01-07 21:00:00,137.8
2017-01-07 21:01:00,138.4
2017-01-07 21:02:00,139.0
2017-01-07 21:03:00,139.6
2017-01-07 21:04:00,139.3
2017-01-07 21:05:00,139.0
2017-01-07 21:06:00,142.9
2017-01-07 21:07:00,142.825
2017-01-07 21:08:00,142.75
2017-01-07 21:09:00,142.675
2017-01-07 21:10:00,142.6
2017-01-07 21:11:00,142.975
2017-01-07 21:12:00,143.35
2017-01-07 21:13:00,143.725
2017-01-07 21:14:00,144.1
2017-01-07 21:15:00,149.7
2017-01-07 21:16:00,147.475
2017-01-07 21:17:00,145.25
2017-01-07 21:18:00,143.025
2017-01-07 21:19:00,140.8
2017-01-07 21:20:00,142.275
2017-01-07 21:21:00,143.75
2017-01-07 21:22:00,145.225
2017-01-07 21:23:00,146.7
2017-01-07 21:24:00,146.18
2017-01-07 21:25:00,145.66
2017-01-07 21:26:00,145.14
2017-01-07 21:27:00,144.62
2017-01-07 21:28:00,144.1
2017-01-07 21:29:00,142.9
2017-01-07 21:30:00,141.7
2017-01-07 21:31:00,141.1
2017-01-07 21:32:00,140.95
2017-01-07 21:33:00,140.8
2017-01-07 21:34:00,141.85
2017-01-07 21:35:00,142.9
2017-01-07 21:36:00,145.667
2017-01-07 21:37:00,148.433
2017-01-07 21:38:00,151.2
2017-01-07 21:39:00,149.0
2017-01-07 21:40:00,146.8
2017-01-07 21:41:00,144.6
2017-01-07 21:42:00,134.0
2017-01-07 21:43:00,135.05
2017-01-07 21:44:00,136.1
2017-01-07 21:45:00,134.6
2017-01-07 21:46:00,135.5
2017-01-07 21:47:00,136.4
2017-01-07 21:48:00,136.7
2017-01-07 21:49:00,135.44
2017-01-07 21:50:00,134.18
2017-01-07 21:51:00,132.92
2017-01-07 21:52:00,131.66
2017-01-07 21:53:00,130.4
2017-01-07 21:54:00,135.5
2017-01-07 21:55:00,128.4
2017-01-07 21:56:00,127.92
2017-01-07 21:57:00,127.44
2017-01-07 21:58:00,126.96
2017-01-07 21:59:00,126.48
2017-01-07 22:00:00,126.0
2017-01-07 22:01:00,127.5
2017-01-07 22:02:00,129.0
2017-01-07 22:03:00,131.5
2017-01-07 22:04:00,134.0
2017-01-07 22:05:00,133.7
2017-01-07 22:06:00,128.4
2017-01-07 22:07:00,128.4
2017-01-07 22:08:00,128.4
2017-01-07 22:09:00,128.4
2017-01-07 22:10:00,128.4
2017-01-07 22:11:00,127.65
2017-01-07 22:12:00,126.9
2017-01-07 22:13:00,130.6
2017-01-07 22:14:00,134.3
2017-01-07 22:15:00,134.9
2017-01-07 22:16:00,134.6
2017-01-07 22:17:00,134.9
2017-01-07 22:18:00,135.2
2017-01-07 22:19:00,135.5
2017-01-07 22:20:00,135.8
2017-01-07 22:21:00,136.1
2017-01-07 22:22:00,136.4
2017-01-07 22:23:00,136.7
2017-01-07 22:24:00,136.1
2017-01-07 22:25:00,135.5
2017-01-07 22:26:00,135.8
2017-01-07 22:27:00,136.1
2017-01-07 22:28:00,136.4
2017-01-07 22:29:00,136.7
2017-01-07 22:30:00,137.0
2017-01-07 22:31:00,136.657
2017-01-07 22:32:00,136.314
2017-01-07 22:33:00,135.971
2017-01-07 22:34:00,135.629
2017-01-07 22:35:00,135.286
2017-01-07 22:36:00,134.943
2017-01-07 22:37:00,134.6
2017-01-07 22:38:00,134.0
2017-01-07 22:39:00,134.45
2017-01-07 22:40:00,134.9
2017-01-07 22:41:00,135.35
2017-01-07 22:42:00,135.8
2017-01-07 22:43:00,136.1
2017-01-07 22:44:00,136.4
2017-01-07 22:45:00,136.7
2017-01-07 22:46:00,134.98
2017-01-07 22:47:00,133.26
2017-01-07 22:48:00,131.54
2017-01-07 22:49:00,129.82
2017-01-07 22:50:00,128.1
2017-01-07 22:51:00,130.88
2017-01-07 22:52:00,133.66
2017-01-07 22:53:00,136.44
2017-01-07 22:54:00,139.22
2017-01-07 22:55:00,142.0
2017-01-07 22:56:00,140.95
2017-01-07 22:57:00,139.9
2017-01-07 22:58:00,140.2
2017-01-07 22:59:00,140.2
2017-01-07 23:00:00,141.45
2017-01-07 23:01:00,142.7
2017-01-07 23:02:00,143.95
2017-01-07 23:03:00,145.2
2017-01-07 23:04:00,145.8
2017-01-07 23:05:00,146.4
2017-01-07 23:06:00,147.0
2017-01-07 23:07:00,147.6
2017-01-07 23:08:00,147.06
2017-01-07 23:09:00,146.52
2017-01-07 23:10:00,145.98
2017-01-07 23:11:00,145.44
2017-01-07 23:12:00,144.9
2017-01-07 23:13:00,146.043
2017-01-07 23:14:00,147.186
2017-01-07 23:15:00,148.329
2017-01-07 23:16:00,149.471
2017-01-07 23:17:00,150.614
2017-01-07 23:18:00,151.757
2017-01-07 23:19:00,152.9
2017-01-07 23:20:00,151.08
2017-01-07 23:21:00,149.26
2017-01-07 23:22:00,147.44
2017-01-07 23:23:00,145.62
2017-01-07 23:24:00,143.8
2017-01-07 23:25:00,143.8
2017-01-07 23:26:00,143.8
2017-01-07 23:27:00,143.8
2017-01-07 23:28:00,141.7
2017-01-07 23:29:00,141.175
2017-01-07 23:30:00,140.65
2017-01-07 23:31:00,140.125
2017-01-07 23:32:00,139.6
2017-01-07 23:33:00,140.8
2017-01-07 23:34:00,142.067
2017-01-07 23:35:00,143.333
2017-01-07 23:36:00,144.6
2017-01-07 23:37:00,144.4
2017-01-07 23:38:00,145.35
2017-01-07 23:39:00,146.3
2017-01-07 23:40:00,147.25
2017-01-07 23:41:00,148.2
2017-01-07 23:42:00,147.45
2017-01-07 23:43:00,146.7
2017-01-07 23:44:00,145.95
2017-01-07 23:45:00,145.2
2017-01-07 23:46:00,144.733
2017-01-07 23:47:00,144.267
2017-01-07 23:48:00,143.8
2017-01-07 23:49:00,143.5
2017-01-07 23:50:00,147.35
2017-01-07 23:51:00,151.2
2017-01-07 23:52:00,151.2
2017-01-07 23:53:00,151.35
2017-01-07 23:54:00,151.5
2017-01-07 23:55:00,152.26
2017-01-07 23:56:00,153.02
2017-01-07 23:57:00,153.78
2017-01-07 23:58:00,154.54
2017-01-07 23:59:00,155.3
2017-01-08 00:00:00,154.2
2017-01-08 00:01:00,153.1
2017-01-08 00:02:00,152.0
2017-01-08 00:03:00,150.9
2017-01-08 00:04:00,150.6
2017-01-08 00:05:00,149.4
2017-01-08 00:06:00,148.2
2017-01-08 00:07:00,147.0
2017-01-08 00:08:00,148.4
2017-01-08 00:09:00,149.8
2017-01-08 00:10:00,151.2
2017-01-08 00:11:00,152.0
2017-01-08 00:12:00,151.433
2017-01-08 00:13:00,150.867
2017-01-08 00:14:00,150.3
2017-01-08 00:15:00,150.15
2017-01-08 00:16:00,150.0
2017-01-08 00:17:00,151.2
2017-01-08 00:18:00,151.6
2017-01-08 00:19:00,152.0
2017-01-08 00:20:00,152.4
2017-01-08 00:21:00,152.8
2017-01-08 00:22:00,153.2
2017-01-08 00:23:00,152.3
2017-01-08 00:24:00,152.7
2017-01-08 00:25:00,153.1
2017-01-08 00:26:00,153.5
2017-01-08 00:27:00,152.3
2017-01-08 00:28:00,150.76
2017-01-08 00:29:00,149.22
2017-01-08 00:30:00,147.68
2017-01-08 00:31:00,146.14
2017-01-08 00:32:00,144.6
2017-01-08 00:33:00,144.14
2017-01-08 00:34:00,143.68
2017-01-08 00:35:00,143.22
2017-01-08 00:36:00,142.76
2017-01-08 00:37:00,142.3
2017-01-08 00:38:00,143.267
2017-01-08 00:39:00,144.233
2017-01-08 00:40:00,145.2
2017-01-08 00:41:00,144.26
2017-01-08 00:42:00,143.32
2017-01-08 00:43:00,142.38
2017-01-08 00:44:00,141.44
2017-01-08 00:45:00,140.5
2017-01-08 00:46:00,143.8
2017-01-08 00:47:00,143.5
2017-01-08 00:48:00,143.2
2017-01-08 00:49:00,142.9
2017-01-08 00:50:00,142.6
2017-01-08 00:51:00,142.72
2017-01-08 00:52:00,142.84
2017-01-08 00:53:00,142.96
2017-01-08 00:54:00,143.08
2017-01-08 00:55:00,143.2
2017-01-08 00:56:00,140.5
2017-01-08 00:57:00,141.0
2017-01-08 00:58:00,141.5
2017-01-08 00:59:00,142.0
2017-01-08 01:00:00,142.0
2017-01-08 01:01:00,142.725
2017-01-08 01:02:00,143.45
2017-01-08 01:03:00,144.175
2017-01-08 01:04:00,144.9
2017-01-08 01:05:00,143.2
2017-01-08 01:06:00,144.5
2017-01-08 01:07:00,145.8
2017-01-08 01:08:00,143.8
2017-01-08 01:09:00,145.5
2017-01-08 01:10:00,147.2
2017-01-08 01:11:00,148.9
2017-01-08 01:12:00,150.6
2017-01-08 01:13:00,148.133
2017-01-08 01:14:00,145.667
2017-01-08 01:15:00,143.2
2017-01-08 01:16:00,143.05
2017-01-08 01:17:00,142.9
2017-01-08 01:18:00,142.75
2017-01-08 01:19:00,142.6
2017-01-08 01:20:00,141.4
2017-01-08 01:21:00,141.7
2017-01-08 01:22:00,142.0
2017-01-08 01:23:00,142.0
2017-01-08 01:24:00,142.0
2017-01-08 01:25:00,142.0
2017-01-08 01:26:00,142.0
2017-01-08 01:27:00,139.0
2017-01-08 01:28:00,139.1
2017-01-08 01:29:00,139.2
2017-01-08 01:30:00,139.3
2017-01-08 01:31:00,139.4
2017-01-08 01:32:00,139.5
2017-01-08 01:33:00,139.6
2017-01-08 01:34:00,139.9
2017-01-08 01:35:00,139.4
2017-01-08 01:36:00,138.9
2017-01-08 01:37:00,138.4
2017-01-08 01:38:00,138.28
2017-01-08 01:39:00,138.16
2017-01-08 01:40:00,138.04
2017-01-08 01:41:00,137.92
2017-01-08 01:42:00,137.8
2017-01-08 01:43:00,137.8
2017-01-08 01:44:00,137.8
2017-01-08 01:45:00,137.8
2017-01-08 01:46:00,137.6
2017-01-08 01:47:00,137.4
2017-01-08 01:48:00,137.2
2017-01-08 01:49:00,137.0
2017-01-08 01:50:00,136.8
2017-01-08 01:51:00,136.6
2017-01-08 01:52:00,136.4
2017-01-08 01:53:00,136.1
2017-01-08 01:54:00,136.1
2017-01-08 01:55:00,136.1
2017-01-08 01:56:00,135.5
2017-01-08 01:57:00,134.9
2017-01-08 01:58:00,134.3
2017-01-08 01:59:00,133.7
2017-01-08 02:00:00,133.1
2017-01-08 02:01:00,134.1
2017-01-08 02:02:00,135.1
2017-01-08 02:03:00,136.1
2017-01-08 02:04:00,137.1
2017-01-08 02:05:00,138.1
2017-01-08 02:06:00,139.3
2017-01-08 02:07:00,135.5
2017-01-08 02:08:00,135.44
2017-01-08 02:09:00,135.38
2017-01-08 02:10:00,135.32
2017-01-08 02:11:00,135.26
2017-01-08 02:12:00,135.2
2017-01-08 02:13:00,135.2
2017-01-08 02:14:00,134.3
2017-01-08 02:15:00,133.4
2017-01-08 02:16:00,132.5
2017-01-08 02:17:00,132.6
2017-01-08 02:18:00,132.7
2017-01-08 02:19:00,132.8
2017-01-08 02:20:00,132.9
2017-01-08 02:21:00,133.0
2017-01-08 02:22:00,133.1
2017-01-08 02:23:00,132.86
2017-01-08 02:24:00,132.62
2017-01-08 02:25:00,132.38
2017-01-08 02:26:00,132.14
2017-01-08 02:27:00,131.9
2017-01-08 02:28:00,131.9
2017-01-08 02:29:00,131.78
2017-01-08 02:30:00,131.66
2017-01-08 02:31:00,131.54
2017-01-08 02:32:00,131.42
2017-01-08 02:33:00,131.3
2017-01-08 02:34:00,131.6
2017-01-08 02:35:00,131.3
2017-01-08 02:36:00,131.3
2017-01-08 02:37:00,131.45
2017-01-08 02:38:00,131.6
2017-01-08 02:39:00,131.75
2017-01-08 02:40:00,131.9
2017-01-08 02:41:00,132.125
2017-01-08 02:42:00,132.35
2017-01-08 02:43:00,132.575
2017-01-08 02:44:00,132.8
2017-01-08 02:45:00,133.025
2017-01-08 02:46:00,133.25
2017-01-08 02:47:00,133.475
2017-01-08 02:48:00,133.7
2017-01-08 02:49:00,134.24
2017-01-08 02:50:00,134.78
2017-01-08 02:51:00,135.32
2017-01-08 02:52:00,135.86
2017-01-08 02:53:00,136.4
2017-01-08 02:54:00,137.067
2017-01-08 02:55:00,137.733
2017-01-08 02:56:00,138.4
2017-01-08 02:57:00,138.4
2017-01-08 02:58:00,137.8
2017-01-08 02:59:00,138.4
2017-01-08 03:00:00,138.3
2017-01-08 03:01:00,138.2
2017-01-08 03:02:00,138.1
2017-01-08 03:03:00,137.95
2017-01-08 03:04:00,137.8
2017-01-08 03:05:00,136.7
2017-01-08 03:06:00,136.7
2017-01-08 03:07:00,138.025
2017-01-08 03:08:00,139.35
2017-01-08 03:09:00,140.675
2017-01-08 03:10:00,142.0
2017-01-08 03:11:00,144.1
2017-01-08 03:12:00,143.56
2017-01-08 03:13:00,143.02
2017-01-08 03:14:00,142.48
2017-01-08 03:15:00,141.94
2017-01-08 03:16:00,141.4
2017-01-08 03:17:00,140.86
2017-01-08 03:18:00,140.32
2017-01-08 03:19:00,139.78
2017-01-08 03:20:00,139.24
2017-01-08 03:21:00,138.7
2017-01-08 03:22:00,138.75
2017-01-08 03:23:00,138.8
2017-01-08 03:24:00,138.85
2017-01-08 03:25:00,138.9
2017-01-08 03:26:00,138.95
2017-01-08 03:27:00,139.0
2017-01-08 03:28:00,138.76
2017-01-08 03:29:00,138.52
2017-01-08 03:30:00,138.28
2017-01-08 03:31:00,138.04
2017-01-08 03:32:00,137.8
2017-01-08 03:33:00,137.8
2017-01-08 03:34:00,137.8
2017-01-08 03:35:00,137.8
2017-01-08 03:36:00,137.8
2017-01-08 03:37:00,137.8
2017-01-08 03:38:00,138.1
2017-01-08 03:39:00,138.4
2017-01-08 03:40:00,138.7
2017-01-08 03:41:00,138.8
2017-01-08 03:42:00,138.9
2017-01-08 03:43:00,139.0
2017-01-08 03:44:00,138.4
2017-01-08 03:45:00,139.375
2017-01-08 03:46:00,140.35
2017-01-08 03:47:00,141.325
2017-01-08 03:48:00,142.3
2017-01-08 03:49:00,142.6
2017-01-08 03:50:00,143.05
2017-01-08 03:51:00,143.5
2017-01-08 03:52:00,143.5
2017-01-08 03:53:00,141.78
2017-01-08 03:54:00,140.06
2017-01-08 03:55:00,138.34
2017-01-08 03:56:00,136.62
2017-01-08 03:57:00,134.9
2017-01-08 03:58:00,135.08
2017-01-08 03:59:00,135.26
2017-01-08 04:00:00,135.44
2017-01-08 04:01:00,135.62
2017-01-08 04:02:00,135.8
2017-01-08 04:03:00,139.5
2017-01-08 04:04:00,143.2
2017-01-08 04:05:00,142.9
2017-01-08 04:06:00,141.48
2017-01-08 04:07:00,140.06
2017-01-08 04:08:00,138.64
2017-01-08 04:09:00,137.22
2017-01-08 04:10:00,135.8
2017-01-08 04:11:00,136.4
2017-01-08 04:12:00,136.825
2017-01-08 04:13:00,137.25
2017-01-08 04:14:00,137.675
2017-01-08 04:15:00,138.1
2017-01-08 04:16:00,137.2
2017-01-08 04:17:00,138.9
2017-01-08 04:18:00,140.6
2017-01-08 04:19:00,142.3
2017-01-08 04:20:00,143.4
2017-01-08 04:21:00,144.5
2017-01-08 04:22:00,145.6
2017-01-08 04:23:00,146.7
2017-01-08 04:24:00,145.4
2017-01-08 04:25:00,144.1
2017-01-08 04:26:00,142.8
2017-01-08 04:27:00,141.5
2017-01-08 04:28:00,140.2
2017-01-08 04:29:00,139.0
2017-01-08 04:30:00,141.675
2017-01-08 04:31:00,144.35
2017-01-08 04:32:00,147.025
2017-01-08 04:33:00,149.7
2017-01-08 04:34:00,149.4
2017-01-08 04:35:00,150.9
2017-01-08 04:36:00,151.0
2017-01-08 04:37:00,151.1
2017-01-08 04:38:00,151.2
2017-01-08 04:39:00,147.3
2017-01-08 04:40:00,144.05
2017-01-08 04:41:00,140.8
2017-01-08 04:42:00,142.0
2017-01-08 04:43:00,142.15
2017-01-08 04:44:00,142.3
2017-01-08 04:45:00,142.45
2017-01-08 04:46:00,142.6
2017-01-08 04:47:00,142.9
2017-01-08 04:48:00,143.867
2017-01-08 04:49:00,144.833
2017-01-08 04:50:00,145.8
2017-01-08 04:51:00,146.1
2017-01-08 04:52:00,145.6
2017-01-08 04:53:00,145.1
2017-01-08 04:54:00,144.6
2017-01-08 04:55:00,144.1
2017-01-08 04:56:00,143.8
2017-01-08 04:57:00,142.15
2017-01-08 04:58:00,140.5
2017-01-08 04:59:00,142.9
2017-01-08 05:00:00,144.9
2017-01-08 05:01:00,154.7
2017-01-08 05:02:00,159.2
2017-01-08 05:03:00,158.15
2017-01-08 05:04:00,157.1
2017-01-08 05:05:00,154.1
2017-01-08 05:06:00,154.0
2017-01-08 05:07:00,153.9
2017-01-08 05:08:00,153.8
2017-01-08 05:09:00,152.7
2017-01-08 05:10:00,151.6
2017-01-08 05:11:00,150.5
2017-01-08 05:12:00,149.4
2017-01-08 05:13:00,153.4
2017-01-08 05:14:00,157.4
2017-01-08 05:15:00,158.0
2017-01-08 05:16:00,158.3
2017-01-08 05:17:00,158.6
2017-01-08 05:18:00,158.9
2017-01-08 05:19:00,159.06
2017-01-08 05:20:00,159.22
2017-01-08 05:21:00,159.38
2017-01-08 05:22:00,159.54
2017-01-08 05:23:00,159.7
2017-01-08 05:24:00,159.2
2017-01-08 05:25:00,159.267
2017-01-08 05:26:00,159.333
2017-01-08 05:27:00,159.4
2017-01-08 05:28:00,159.3
2017-01-08 05:29:00,159.2
2017-01-08 05:30:00,158.975
2017-01-08 05:31:00,158.75
2017-01-08 05:32:00,158.525
2017-01-08 05:33:00,158.3
2017-01-08 05:34:00,158.6
2017-01-08 05:35:00,158.3
2017-01-08 05:36:00,158.0
2017-01-08 05:37:00,155.6
2017-01-08 05:38:00,156.2
2017-01-08 05:39:00,156.8
2017-01-08 05:40:00,157.4
2017-01-08 05:41:00,158.0
2017-01-08 05:42:00,156.95
2017-01-08 05:43:00,155.9
2017-01-08 05:44:00,155.986
2017-01-08 05:45:00,156.071
2017-01-08 05:46:00,156.157
2017-01-08 05:47:00,156.243
2017-01-08 05:48:00,156.329
2017-01-08 05:49:00,156.414
2017-01-08 05:50:00,156.5
2017-01-08 05:51:00,157.967
2017-01-08 05:52:00,159.433
2017-01-08 05:53:00,160.9
2017-01-08 05:54:00,161.1
2017-01-08 05:55:00,161.3
2017-01-08 05:56:00,161.5
2017-01-08 05:57:00,160.3
2017-01-08 05:58:00,157.7
2017-01-08 05:59:00,159.25
2017-01-08 06:00:00,160.8
2017-01-08 06:01:00,162.35
2017-01-08 06:02:00,163.9
2017-01-08 06:03:00,164.2
2017-01-08 06:04:00,164.5
2017-01-08 06:05:00,159.2
2017-01-08 06:06:00,156.5
2017-01-08 06:07:00,157.14
2017-01-08 06:08:00,157.78
2017-01-08 06:09:00,158.42
2017-01-08 06:10:00,159.06
2017-01-08 06:11:00,159.7
2017-01-08 06:12:00,159.2
2017-01-08 06:13:00,161.467
2017-01-08 06:14:00,163.733
2017-01-08 06:15:00,166.0
2017-01-08 06:16:00,166.55
2017-01-08 06:17:00,167.1
2017-01-08 06:18:00,170.7
2017-01-08 06:19:00,170.46
2017-01-08 06:20:00,170.22
2017-01-08 06:21:00,169.98
2017-01-08 06:22:00,169.74
2017-01-08 06:23:00,169.5
2017-01-08 06:24:00,168.6
2017-01-08 06:25:00,167.7
2017-01-08 06:26:00,166.8
2017-01-08 06:27:00,168.0
2017-01-08 06:28:00,169.2
2017-01-08 06:29:00,170.85
2017-01-08 06:30:00,172.5
2017-01-08 06:31:00,171.6
2017-01-08 06:32:00,168.2
2017-01-08 06:33:00,164.8
2017-01-08 06:34:00,163.9
2017-01-08 06:35:00,163.0
2017-01-08 06:36:00,162.1
2017-01-08 06:37:00,163.0
2017-01-08 06:38:00,164.9
2017-01-08 06:39:00,166.8
2017-01-08 06:40:00,167.7
2017-01-08 06:41:00,170.4
2017-01-08 06:42:00,162.7
2017-01-08 06:43:00,161.8
2017-01-08 06:44:00,161.2
2017-01-08 06:45:00,160.6
2017-01-08 06:46:00,160.7
2017-01-08 06:47:00,160.8
2017-01-08 06:48:00,160.9
2017-01-08 06:49:00,160.6
2017-01-08 06:50:00,159.9
2017-01-08 06:51:00,159.2
2017-01-08 06:52:00,160.525
2017-01-08 06:53:00,161.85
2017-01-08 06:54:00,163.175
2017-01-08 06:55:00,164.5
2017-01-08 06:56:00,166.0
2017-01-08 06:57:00,165.0
2017-01-08 06:58:00,164.0
2017-01-08 06:59:00,163.0
2017-01-08 07:00:00,166.3
2017-01-08 07:01:00,164.82
2017-01-08 07:02:00,163.34
2017-01-08 07:03:00,161.86
2017-01-08 07:04:00,160.38
2017-01-08 07:05:00,158.9
2017-01-08 07:06:00,158.9
2017-01-08 07:07:00,160.167
2017-01-08 07:08:00,161.433
2017-01-08 07:09:00,162.7
2017-01-08 07:10:00,166.3
2017-01-08 07:11:00,165.7
2017-01-08 07:12:00,165.1
2017-01-08 07:13:00,164.5
2017-01-08 07:14:00,163.3
2017-01-08 07:15:00,162.24
2017-01-08 07:16:00,161.18
2017-01-08 07:17:00,160.12
2017-01-08 07:18:00,159.06
2017-01-08 07:19:00,158.0
2017-01-08 07:20:00,158.6
2017-01-08 07:21:00,157.7
2017-01-08 07:22:00,156.8
2017-01-08 07:23:00,154.7
2017-01-08 07:24:00,153.917
2017-01-08 07:25:00,153.133
2017-01-08 07:26:00,152.35
2017-01-08 07:27:00,151.567
2017-01-08 07:28:00,150.783
2017-01-08 07:29:00,150.0
2017-01-08 07:30:00,149.1
2017-01-08 07:31:00,146.1
2017-01-08 07:32:00,146.1
2017-01-08 07:33:00,146.1
2017-01-08 07:34:00,146.1
2017-01-08 07:35:00,145.65
2017-01-08 07:36:00,145.2
2017-01-08 07:37:00,145.05
2017-01-08 07:38:00,144.9
2017-01-08 07:39:00,144.75
2017-01-08 07:40:00,144.6
2017-01-08 07:41:00,144.6
2017-01-08 07:42:00,144.6
2017-01-08 07:43:00,146.1
2017-01-08 07:44:00,146.025
2017-01-08 07:45:00,145.95
2017-01-08 07:46:00,145.875
2017-01-08 07:47:00,145.8
2017-01-08 07:48:00,147.6
2017-01-08 07:49:00,148.5
2017-01-08 07:50:00,131.6
2017-01-08 07:51:00,140.5
2017-01-08 07:52:00,140.65
2017-01-08 07:53:00,140.8
2017-01-08 07:54:00,141.1
2017-01-08 07:55:00,139.9
2017-01-08 07:56:00,139.825
2017-01-08 07:57:00,139.75
2017-01-08 07:58:00,139.675
2017-01-08 07:59:00,139.6
2017-01-08 08:00:00,139.9
2017-01-08 08:01:00,140.2
2017-01-08 08:02:00,140.5
2017-01-08 08:03:00,140.8
2017-01-08 08:04:00,141.1
2017-01-08 08:05:00,141.76
2017-01-08 08:06:00,142.42
2017-01-08 08:07:00,143.08
2017-01-08 08:08:00,143.74
2017-01-08 08:09:00,144.4
2017-01-08 08:10:00,144.6
2017-01-08 08:11:00,144.6
2017-01-08 08:12:00,144.6
2017-01-08 08:13:00,144.6
2017-01-08 08:14:00,147.0
2017-01-08 08:15:00,146.125
2017-01-08 08:16:00,145.25
2017-01-08 08:17:00,144.375
2017-01-08 08:18:00,143.5
2017-01-08 08:19:00,142.9
2017-01-08 08:20:00,142.3
2017-01-08 08:21:00,141.7
2017-01-08 08:22:00,143.5
2017-01-08 08:23:00,143.575
2017-01-08 08:24:00,143.65
2017-01-08 08:25:00,143.725
2017-01-08 08:26:00,143.8
2017-01-08 08:27:00,144.44
2017-01-08 08:28:00,145.08
2017-01-08 08:29:00,145.72
